file,line,type,commit,author,date,time,timezone,datetime,depth,length
style.css,1,css,f532705b,vichen1,2025-10-18,19:26:23,-07:00,2025-10-18T19:26:23-07:00,0,4
style.css,2,css,823af320,vichen1,2025-10-24,16:52:58,-07:00,2025-10-24T16:52:58-07:00,1,23
style.css,3,css,d181ce1e,vichen1,2025-10-10,16:24:03,-07:00,2025-10-10T16:24:03-07:00,1,31
style.css,4,css,d181ce1e,vichen1,2025-10-10,16:24:03,-07:00,2025-10-10T16:24:03-07:00,1,32
style.css,5,css,00dff13e,vichen1,2025-10-24,16:55:12,-07:00,2025-10-24T16:55:12-07:00,1,32
style.css,6,css,00dff13e,vichen1,2025-10-24,16:55:12,-07:00,2025-10-24T16:55:12-07:00,1,23
style.css,7,css,00dff13e,vichen1,2025-10-24,16:55:12,-07:00,2025-10-24T16:55:12-07:00,1,16
style.css,8,css,d181ce1e,vichen1,2025-10-10,16:24:03,-07:00,2025-10-10T16:24:03-07:00,0,0
style.css,9,css,d181ce1e,vichen1,2025-10-10,16:24:03,-07:00,2025-10-10T16:24:03-07:00,0,0
style.css,10,css,f04e8e81,vichen1,2025-10-03,14:02:32,-07:00,2025-10-03T14:02:32-07:00,0,4
style.css,11,css,d181ce1e,vichen1,2025-10-10,16:24:03,-07:00,2025-10-10T16:24:03-07:00,1,23
style.css,12,css,d181ce1e,vichen1,2025-10-10,16:24:03,-07:00,2025-10-10T16:24:03-07:00,1,15
style.css,13,css,d181ce1e,vichen1,2025-10-10,16:24:03,-07:00,2025-10-10T16:24:03-07:00,1,18
style.css,14,css,d181ce1e,vichen1,2025-10-10,16:24:03,-07:00,2025-10-10T16:24:03-07:00,1,12
style.css,15,css,07e3479e,vichen1,2025-10-24,17:00:43,-07:00,2025-10-24T17:00:43-07:00,1,54
style.css,16,css,d181ce1e,vichen1,2025-10-10,16:24:03,-07:00,2025-10-10T16:24:03-07:00,0,0
style.css,17,css,a90d2833,vichen1,2025-10-10,15:22:58,-07:00,2025-10-10T15:22:58-07:00,0,0
style.css,18,css,a90d2833,vichen1,2025-10-10,15:22:58,-07:00,2025-10-10T15:22:58-07:00,0,3
style.css,19,css,a90d2833,vichen1,2025-10-10,15:22:58,-07:00,2025-10-10T15:22:58-07:00,1,12
style.css,20,css,06074a0a,vichen1,2025-10-18,19:27:43,-07:00,2025-10-18T19:27:43-07:00,1,22
style.css,21,css,06074a0a,vichen1,2025-10-18,19:27:43,-07:00,2025-10-18T19:27:43-07:00,1,8
style.css,22,css,06074a0a,vichen1,2025-10-18,19:27:43,-07:00,2025-10-18T19:27:43-07:00,1,12
style.css,23,css,823af320,vichen1,2025-10-24,16:52:58,-07:00,2025-10-24T16:52:58-07:00,1,43
style.css,24,css,a90d2833,vichen1,2025-10-10,15:22:58,-07:00,2025-10-10T15:22:58-07:00,0,0
style.css,25,css,a90d2833,vichen1,2025-10-10,15:22:58,-07:00,2025-10-10T15:22:58-07:00,0,0
style.css,26,css,a90d2833,vichen1,2025-10-10,15:22:58,-07:00,2025-10-10T15:22:58-07:00,0,5
style.css,27,css,a90d2833,vichen1,2025-10-10,15:22:58,-07:00,2025-10-10T15:22:58-07:00,1,20
style.css,28,css,06074a0a,vichen1,2025-10-18,19:27:43,-07:00,2025-10-18T19:27:43-07:00,1,22
style.css,29,css,06074a0a,vichen1,2025-10-18,19:27:43,-07:00,2025-10-18T19:27:43-07:00,1,38
style.css,30,css,d181ce1e,vichen1,2025-10-10,16:24:03,-07:00,2025-10-10T16:24:03-07:00,1,13
style.css,31,css,d181ce1e,vichen1,2025-10-10,16:24:03,-07:00,2025-10-10T16:24:03-07:00,1,31
style.css,32,css,a90d2833,vichen1,2025-10-10,15:22:58,-07:00,2025-10-10T15:22:58-07:00,0,0
style.css,33,css,a90d2833,vichen1,2025-10-10,15:22:58,-07:00,2025-10-10T15:22:58-07:00,0,0
style.css,34,css,a90d2833,vichen1,2025-10-10,15:22:58,-07:00,2025-10-10T15:22:58-07:00,0,13
style.css,35,css,823af320,vichen1,2025-10-24,16:52:58,-07:00,2025-10-24T16:52:58-07:00,1,39
style.css,36,css,a90d2833,vichen1,2025-10-10,15:22:58,-07:00,2025-10-10T15:22:58-07:00,1,16
style.css,37,css,a90d2833,vichen1,2025-10-10,15:22:58,-07:00,2025-10-10T15:22:58-07:00,0,0
style.css,38,css,06f38a5f,vichen1,2025-10-10,16:32:32,-07:00,2025-10-10T16:32:32-07:00,0,0
style.css,39,css,06074a0a,vichen1,2025-10-18,19:27:43,-07:00,2025-10-18T19:27:43-07:00,0,11
style.css,40,css,00dff13e,vichen1,2025-10-24,16:55:12,-07:00,2025-10-24T16:55:12-07:00,1,69
style.css,41,css,06074a0a,vichen1,2025-10-18,19:27:43,-07:00,2025-10-18T19:27:43-07:00,0,0
style.css,42,css,06074a0a,vichen1,2025-10-18,19:27:43,-07:00,2025-10-18T19:27:43-07:00,0,0
style.css,43,css,66678442,vichen1,2025-10-10,16:41:41,-07:00,2025-10-10T16:41:41-07:00,0,4
style.css,44,css,66678442,vichen1,2025-10-10,16:41:41,-07:00,2025-10-10T16:41:41-07:00,1,12
style.css,45,css,66678442,vichen1,2025-10-10,16:41:41,-07:00,2025-10-10T16:41:41-07:00,1,30
style.css,46,css,66678442,vichen1,2025-10-10,16:41:41,-07:00,2025-10-10T16:41:41-07:00,1,7
style.css,47,css,66678442,vichen1,2025-10-10,16:41:41,-07:00,2025-10-10T16:41:41-07:00,0,0
style.css,48,css,66678442,vichen1,2025-10-10,16:41:41,-07:00,2025-10-10T16:41:41-07:00,0,0
style.css,49,css,66678442,vichen1,2025-10-10,16:41:41,-07:00,2025-10-10T16:41:41-07:00,0,4
style.css,50,css,66678442,vichen1,2025-10-10,16:41:41,-07:00,2025-10-10T16:41:41-07:00,0,7
style.css,51,css,66678442,vichen1,2025-10-10,16:41:41,-07:00,2025-10-10T16:41:41-07:00,0,6
style.css,52,css,66678442,vichen1,2025-10-10,16:41:41,-07:00,2025-10-10T16:41:41-07:00,1,10
style.css,53,css,66678442,vichen1,2025-10-10,16:41:41,-07:00,2025-10-10T16:41:41-07:00,1,21
style.css,54,css,66678442,vichen1,2025-10-10,16:41:41,-07:00,2025-10-10T16:41:41-07:00,1,12
style.css,55,css,66678442,vichen1,2025-10-10,16:41:41,-07:00,2025-10-10T16:41:41-07:00,0,0
style.css,56,css,66678442,vichen1,2025-10-10,16:41:41,-07:00,2025-10-10T16:41:41-07:00,0,0
style.css,57,css,66678442,vichen1,2025-10-10,16:41:41,-07:00,2025-10-10T16:41:41-07:00,0,6
style.css,58,css,66678442,vichen1,2025-10-10,16:41:41,-07:00,2025-10-10T16:41:41-07:00,1,18
style.css,59,css,dd534746,vichen1,2025-10-10,16:42:42,-07:00,2025-10-10T16:42:42-07:00,1,36
style.css,60,css,dd534746,vichen1,2025-10-10,16:42:42,-07:00,2025-10-10T16:42:42-07:00,1,11
style.css,61,css,dd534746,vichen1,2025-10-10,16:42:42,-07:00,2025-10-10T16:42:42-07:00,1,11
style.css,62,css,dd534746,vichen1,2025-10-10,16:42:42,-07:00,2025-10-10T16:42:42-07:00,1,17
style.css,63,css,dd534746,vichen1,2025-10-10,16:42:42,-07:00,2025-10-10T16:42:42-07:00,1,15
style.css,64,css,dd534746,vichen1,2025-10-10,16:42:42,-07:00,2025-10-10T16:42:42-07:00,1,14
style.css,65,css,dd534746,vichen1,2025-10-10,16:42:42,-07:00,2025-10-10T16:42:42-07:00,1,19
style.css,66,css,dd534746,vichen1,2025-10-10,16:42:42,-07:00,2025-10-10T16:42:42-07:00,1,44
style.css,67,css,dd534746,vichen1,2025-10-10,16:42:42,-07:00,2025-10-10T16:42:42-07:00,0,0
style.css,68,css,dd534746,vichen1,2025-10-10,16:42:42,-07:00,2025-10-10T16:42:42-07:00,0,0
style.css,69,css,dd534746,vichen1,2025-10-10,16:42:42,-07:00,2025-10-10T16:42:42-07:00,0,12
style.css,70,css,dd534746,vichen1,2025-10-10,16:42:42,-07:00,2025-10-10T16:42:42-07:00,1,58
style.css,71,css,dd534746,vichen1,2025-10-10,16:42:42,-07:00,2025-10-10T16:42:42-07:00,0,0
style.css,72,css,8e477ee3,vichen1,2025-10-10,16:55:38,-07:00,2025-10-10T16:55:38-07:00,0,0
style.css,73,css,8e477ee3,vichen1,2025-10-10,16:55:38,-07:00,2025-10-10T16:55:38-07:00,0,9
style.css,74,css,8e477ee3,vichen1,2025-10-10,16:55:38,-07:00,2025-10-10T16:55:38-07:00,1,12
style.css,75,css,8e477ee3,vichen1,2025-10-10,16:55:38,-07:00,2025-10-10T16:55:38-07:00,1,58
style.css,76,css,a8be6f09,vichen1,2025-10-10,17:05:17,-07:00,2025-10-10T17:05:17-07:00,1,9
style.css,77,css,a8be6f09,vichen1,2025-10-10,17:05:17,-07:00,2025-10-10T17:05:17-07:00,1,16
style.css,78,css,a8be6f09,vichen1,2025-10-10,17:05:17,-07:00,2025-10-10T17:05:17-07:00,1,17
style.css,79,css,a8be6f09,vichen1,2025-10-10,17:05:17,-07:00,2025-10-10T17:05:17-07:00,0,0
style.css,80,css,a8be6f09,vichen1,2025-10-10,17:05:17,-07:00,2025-10-10T17:05:17-07:00,0,0
style.css,81,css,a8be6f09,vichen1,2025-10-10,17:05:17,-07:00,2025-10-10T17:05:17-07:00,0,17
style.css,82,css,f5bf2e1f,vichen1,2025-10-24,16:29:45,-07:00,2025-10-24T16:29:45-07:00,1,34
style.css,83,css,a8be6f09,vichen1,2025-10-10,17:05:17,-07:00,2025-10-10T17:05:17-07:00,1,19
style.css,84,css,a8be6f09,vichen1,2025-10-10,17:05:17,-07:00,2025-10-10T17:05:17-07:00,1,11
style.css,85,css,00dff13e,vichen1,2025-10-24,16:55:12,-07:00,2025-10-24T16:55:12-07:00,1,34
style.css,86,css,00dff13e,vichen1,2025-10-24,16:55:12,-07:00,2025-10-24T16:55:12-07:00,1,16
style.css,87,css,06074a0a,vichen1,2025-10-18,19:27:43,-07:00,2025-10-18T19:27:43-07:00,1,12
style.css,88,css,06074a0a,vichen1,2025-10-18,19:27:43,-07:00,2025-10-18T19:27:43-07:00,1,26
style.css,89,css,06074a0a,vichen1,2025-10-18,19:27:43,-07:00,2025-10-18T19:27:43-07:00,1,15
style.css,90,css,00dff13e,vichen1,2025-10-24,16:55:12,-07:00,2025-10-24T16:55:12-07:00,1,40
style.css,91,css,f5bf2e1f,vichen1,2025-10-24,16:29:45,-07:00,2025-10-24T16:29:45-07:00,1,76
style.css,92,css,a8be6f09,vichen1,2025-10-10,17:05:17,-07:00,2025-10-10T17:05:17-07:00,0,0
style.css,93,css,a8be6f09,vichen1,2025-10-10,17:05:17,-07:00,2025-10-10T17:05:17-07:00,0,0
style.css,94,css,f5bf2e1f,vichen1,2025-10-24,16:29:45,-07:00,2025-10-24T16:29:45-07:00,0,23
style.css,95,css,00dff13e,vichen1,2025-10-24,16:55:12,-07:00,2025-10-24T16:55:12-07:00,1,40
style.css,96,css,00dff13e,vichen1,2025-10-24,16:55:12,-07:00,2025-10-24T16:55:12-07:00,0,0
style.css,97,css,00dff13e,vichen1,2025-10-24,16:55:12,-07:00,2025-10-24T16:55:12-07:00,0,0
style.css,98,css,00dff13e,vichen1,2025-10-24,16:55:12,-07:00,2025-10-24T16:55:12-07:00,0,13
style.css,99,css,00dff13e,vichen1,2025-10-24,16:55:12,-07:00,2025-10-24T16:55:12-07:00,1,10
style.css,100,css,00dff13e,vichen1,2025-10-24,16:55:12,-07:00,2025-10-24T16:55:12-07:00,1,11
style.css,101,css,00dff13e,vichen1,2025-10-24,16:55:12,-07:00,2025-10-24T16:55:12-07:00,1,22
style.css,102,css,e5cce3a6,vichen1,2025-10-10,17:09:58,-07:00,2025-10-10T17:09:58-07:00,0,0
style.css,103,css,e5cce3a6,vichen1,2025-10-10,17:09:58,-07:00,2025-10-10T17:09:58-07:00,0,0
style.css,104,css,31e61b2b,vichen1,2025-10-30,17:26:22,-07:00,2025-10-30T17:26:22-07:00,0,26
style.css,105,css,07e3479e,vichen1,2025-10-24,17:00:43,-07:00,2025-10-24T17:00:43-07:00,0,23
style.css,106,css,07e3479e,vichen1,2025-10-24,17:00:43,-07:00,2025-10-24T17:00:43-07:00,1,32
style.css,107,css,07e3479e,vichen1,2025-10-24,17:00:43,-07:00,2025-10-24T17:00:43-07:00,1,34
style.css,108,css,07e3479e,vichen1,2025-10-24,17:00:43,-07:00,2025-10-24T17:00:43-07:00,1,23
style.css,109,css,07e3479e,vichen1,2025-10-24,17:00:43,-07:00,2025-10-24T17:00:43-07:00,0,0
style.css,110,css,823af320,vichen1,2025-10-24,16:52:58,-07:00,2025-10-24T16:52:58-07:00,0,0
style.css,111,css,07e3479e,vichen1,2025-10-24,17:00:43,-07:00,2025-10-24T17:00:43-07:00,0,41
style.css,112,css,07e3479e,vichen1,2025-10-24,17:00:43,-07:00,2025-10-24T17:00:43-07:00,1,34
style.css,113,css,07e3479e,vichen1,2025-10-24,17:00:43,-07:00,2025-10-24T17:00:43-07:00,1,30
style.css,114,css,07e3479e,vichen1,2025-10-24,17:00:43,-07:00,2025-10-24T17:00:43-07:00,1,23
style.css,115,css,07e3479e,vichen1,2025-10-24,17:00:43,-07:00,2025-10-24T17:00:43-07:00,0,0
style.css,116,css,823af320,vichen1,2025-10-24,16:52:58,-07:00,2025-10-24T16:52:58-07:00,0,0
style.css,117,css,07e3479e,vichen1,2025-10-24,17:00:43,-07:00,2025-10-24T17:00:43-07:00,0,35
style.css,118,css,07e3479e,vichen1,2025-10-24,17:00:43,-07:00,2025-10-24T17:00:43-07:00,0,35
style.css,119,css,07e3479e,vichen1,2025-10-24,17:00:43,-07:00,2025-10-24T17:00:43-07:00,1,23
style.css,120,css,07e3479e,vichen1,2025-10-24,17:00:43,-07:00,2025-10-24T17:00:43-07:00,0,0
style.css,121,css,823af320,vichen1,2025-10-24,16:52:58,-07:00,2025-10-24T16:52:58-07:00,0,0
style.css,122,css,07e3479e,vichen1,2025-10-24,17:00:43,-07:00,2025-10-24T17:00:43-07:00,0,44
style.css,123,css,07e3479e,vichen1,2025-10-24,17:00:43,-07:00,2025-10-24T17:00:43-07:00,1,28
style.css,124,css,07e3479e,vichen1,2025-10-24,17:00:43,-07:00,2025-10-24T17:00:43-07:00,1,23
style.css,125,css,07e3479e,vichen1,2025-10-24,17:00:43,-07:00,2025-10-24T17:00:43-07:00,1,34
style.css,126,css,823af320,vichen1,2025-10-24,16:52:58,-07:00,2025-10-24T16:52:58-07:00,0,0
style.css,127,css,823af320,vichen1,2025-10-24,16:52:58,-07:00,2025-10-24T16:52:58-07:00,0,0
style.css,128,css,c8160857,vichen1,2025-10-10,17:11:49,-07:00,2025-10-10T17:11:49-07:00,0,2
style.css,129,css,06074a0a,vichen1,2025-10-18,19:27:43,-07:00,2025-10-18T19:27:43-07:00,1,22
style.css,130,css,c8160857,vichen1,2025-10-10,17:11:49,-07:00,2025-10-10T17:11:49-07:00,1,14
style.css,131,css,c8160857,vichen1,2025-10-10,17:11:49,-07:00,2025-10-10T17:11:49-07:00,1,15
style.css,132,css,c8160857,vichen1,2025-10-10,17:11:49,-07:00,2025-10-10T17:11:49-07:00,1,17
style.css,133,css,c8160857,vichen1,2025-10-10,17:11:49,-07:00,2025-10-10T17:11:49-07:00,0,0
style.css,134,css,c8160857,vichen1,2025-10-10,17:11:49,-07:00,2025-10-10T17:11:49-07:00,0,0
style.css,135,css,c8160857,vichen1,2025-10-10,17:11:49,-07:00,2025-10-10T17:11:49-07:00,0,18
style.css,136,css,c8160857,vichen1,2025-10-10,17:11:49,-07:00,2025-10-10T17:11:49-07:00,1,15
style.css,137,css,c8160857,vichen1,2025-10-10,17:11:49,-07:00,2025-10-10T17:11:49-07:00,1,17
style.css,138,css,f532705b,vichen1,2025-10-18,19:26:23,-07:00,2025-10-18T19:26:23-07:00,0,0
style.css,139,css,f532705b,vichen1,2025-10-18,19:26:23,-07:00,2025-10-18T19:26:23-07:00,0,0
style.css,140,css,31e61b2b,vichen1,2025-10-30,17:26:22,-07:00,2025-10-30T17:26:22-07:00,0,18
style.css,141,css,f532705b,vichen1,2025-10-18,19:26:23,-07:00,2025-10-18T19:26:23-07:00,0,13
style.css,142,css,f532705b,vichen1,2025-10-18,19:26:23,-07:00,2025-10-18T19:26:23-07:00,1,17
style.css,143,css,f532705b,vichen1,2025-10-18,19:26:23,-07:00,2025-10-18T19:26:23-07:00,1,10
style.css,144,css,f532705b,vichen1,2025-10-18,19:26:23,-07:00,2025-10-18T19:26:23-07:00,1,10
style.css,145,css,f532705b,vichen1,2025-10-18,19:26:23,-07:00,2025-10-18T19:26:23-07:00,1,16
style.css,146,css,f532705b,vichen1,2025-10-18,19:26:23,-07:00,2025-10-18T19:26:23-07:00,1,13
style.css,147,css,f532705b,vichen1,2025-10-18,19:26:23,-07:00,2025-10-18T19:26:23-07:00,0,0
style.css,148,css,f532705b,vichen1,2025-10-18,19:26:23,-07:00,2025-10-18T19:26:23-07:00,0,0
style.css,149,css,f532705b,vichen1,2025-10-18,19:26:23,-07:00,2025-10-18T19:26:23-07:00,0,20
style.css,150,css,f532705b,vichen1,2025-10-18,19:26:23,-07:00,2025-10-18T19:26:23-07:00,1,19
style.css,151,css,00dff13e,vichen1,2025-10-24,16:55:12,-07:00,2025-10-24T16:55:12-07:00,1,17
style.css,152,css,00dff13e,vichen1,2025-10-24,16:55:12,-07:00,2025-10-24T16:55:12-07:00,1,16
style.css,153,css,823af320,vichen1,2025-10-24,16:52:58,-07:00,2025-10-24T16:52:58-07:00,1,36
style.css,154,css,f532705b,vichen1,2025-10-18,19:26:23,-07:00,2025-10-18T19:26:23-07:00,1,17
style.css,155,css,f532705b,vichen1,2025-10-18,19:26:23,-07:00,2025-10-18T19:26:23-07:00,1,21
style.css,156,css,06074a0a,vichen1,2025-10-18,19:27:43,-07:00,2025-10-18T19:27:43-07:00,0,0
style.css,157,css,07e3479e,vichen1,2025-10-24,17:00:43,-07:00,2025-10-24T17:00:43-07:00,0,0
style.css,158,css,31e61b2b,vichen1,2025-10-30,17:26:22,-07:00,2025-10-30T17:26:22-07:00,0,18
style.css,159,css,d9201bfa,vichen1,2025-10-24,16:57:15,-07:00,2025-10-24T16:57:15-07:00,0,7
style.css,160,css,d9201bfa,vichen1,2025-10-24,16:57:15,-07:00,2025-10-24T16:57:15-07:00,1,14
style.css,161,css,d9201bfa,vichen1,2025-10-24,16:57:15,-07:00,2025-10-24T16:57:15-07:00,1,17
style.css,162,css,d9201bfa,vichen1,2025-10-24,16:57:15,-07:00,2025-10-24T16:57:15-07:00,0,0
style.css,163,css,d9201bfa,vichen1,2025-10-24,16:57:15,-07:00,2025-10-24T16:57:15-07:00,0,0
style.css,164,css,d9201bfa,vichen1,2025-10-24,16:57:15,-07:00,2025-10-24T16:57:15-07:00,0,10
style.css,165,css,d9201bfa,vichen1,2025-10-24,16:57:15,-07:00,2025-10-24T16:57:15-07:00,1,17
style.css,166,css,d9201bfa,vichen1,2025-10-24,16:57:15,-07:00,2025-10-24T16:57:15-07:00,1,15
style.css,167,css,d9201bfa,vichen1,2025-10-24,16:57:15,-07:00,2025-10-24T16:57:15-07:00,1,15
style.css,168,css,d9201bfa,vichen1,2025-10-24,16:57:15,-07:00,2025-10-24T16:57:15-07:00,0,0
style.css,169,css,d9201bfa,vichen1,2025-10-24,16:57:15,-07:00,2025-10-24T16:57:15-07:00,0,0
style.css,170,css,d9201bfa,vichen1,2025-10-24,16:57:15,-07:00,2025-10-24T16:57:15-07:00,0,13
style.css,171,css,d9201bfa,vichen1,2025-10-24,16:57:15,-07:00,2025-10-24T16:57:15-07:00,1,12
style.css,172,css,d9201bfa,vichen1,2025-10-24,16:57:15,-07:00,2025-10-24T16:57:15-07:00,1,36
style.css,173,css,d9201bfa,vichen1,2025-10-24,16:57:15,-07:00,2025-10-24T16:57:15-07:00,1,9
style.css,174,css,d9201bfa,vichen1,2025-10-24,16:57:15,-07:00,2025-10-24T16:57:15-07:00,1,15
style.css,175,css,d9201bfa,vichen1,2025-10-24,16:57:15,-07:00,2025-10-24T16:57:15-07:00,1,13
style.css,176,css,d9201bfa,vichen1,2025-10-24,16:57:15,-07:00,2025-10-24T16:57:15-07:00,0,0
style.css,177,css,d9201bfa,vichen1,2025-10-24,16:57:15,-07:00,2025-10-24T16:57:15-07:00,0,0
style.css,178,css,d9201bfa,vichen1,2025-10-24,16:57:15,-07:00,2025-10-24T16:57:15-07:00,0,16
style.css,179,css,d9201bfa,vichen1,2025-10-24,16:57:15,-07:00,2025-10-24T16:57:15-07:00,1,15
style.css,180,css,d9201bfa,vichen1,2025-10-24,16:57:15,-07:00,2025-10-24T16:57:15-07:00,1,15
style.css,181,css,d9201bfa,vichen1,2025-10-24,16:57:15,-07:00,2025-10-24T16:57:15-07:00,1,25
style.css,182,css,d9201bfa,vichen1,2025-10-24,16:57:15,-07:00,2025-10-24T16:57:15-07:00,1,24
style.css,183,css,d9201bfa,vichen1,2025-10-24,16:57:15,-07:00,2025-10-24T16:57:15-07:00,1,10
style.css,184,css,d9201bfa,vichen1,2025-10-24,16:57:15,-07:00,2025-10-24T16:57:15-07:00,0,0
style.css,185,css,d9201bfa,vichen1,2025-10-24,16:57:15,-07:00,2025-10-24T16:57:15-07:00,0,0
style.css,186,css,d9201bfa,vichen1,2025-10-24,16:57:15,-07:00,2025-10-24T16:57:15-07:00,0,16
style.css,187,css,d9201bfa,vichen1,2025-10-24,16:57:15,-07:00,2025-10-24T16:57:15-07:00,1,15
style.css,188,css,d9201bfa,vichen1,2025-10-24,16:57:15,-07:00,2025-10-24T16:57:15-07:00,1,15
style.css,189,css,d9201bfa,vichen1,2025-10-24,16:57:15,-07:00,2025-10-24T16:57:15-07:00,1,8
style.css,190,css,d9201bfa,vichen1,2025-10-24,16:57:15,-07:00,2025-10-24T16:57:15-07:00,1,10
style.css,191,css,d9201bfa,vichen1,2025-10-24,16:57:15,-07:00,2025-10-24T16:57:15-07:00,0,0
style.css,192,css,31e61b2b,vichen1,2025-10-30,17:26:22,-07:00,2025-10-30T17:26:22-07:00,0,0
style.css,193,css,31e61b2b,vichen1,2025-10-30,17:26:22,-07:00,2025-10-30T17:26:22-07:00,0,28
style.css,194,css,333799f8,vichen1,2025-10-30,15:50:41,-07:00,2025-10-30T15:50:41-07:00,0,14
style.css,195,css,333799f8,vichen1,2025-10-30,15:50:41,-07:00,2025-10-30T15:50:41-07:00,1,14
style.css,196,css,333799f8,vichen1,2025-10-30,15:50:41,-07:00,2025-10-30T15:50:41-07:00,1,16
style.css,197,css,333799f8,vichen1,2025-10-30,15:50:41,-07:00,2025-10-30T15:50:41-07:00,1,16
style.css,198,css,0cf924f3,vichen1,2025-10-30,16:19:48,-07:00,2025-10-30T16:19:48-07:00,0,0
style.css,199,css,0cf924f3,vichen1,2025-10-30,16:19:48,-07:00,2025-10-30T16:19:48-07:00,0,0
style.css,200,css,0cf924f3,vichen1,2025-10-30,16:19:48,-07:00,2025-10-30T16:19:48-07:00,0,7
style.css,201,css,0cf924f3,vichen1,2025-10-30,16:19:48,-07:00,2025-10-30T16:19:48-07:00,1,12
style.css,202,css,0cf924f3,vichen1,2025-10-30,16:19:48,-07:00,2025-10-30T16:19:48-07:00,1,57
style.css,203,css,0cf924f3,vichen1,2025-10-30,16:19:48,-07:00,2025-10-30T16:19:48-07:00,1,9
style.css,204,css,0cf924f3,vichen1,2025-10-30,16:19:48,-07:00,2025-10-30T16:19:48-07:00,1,16
style.css,205,css,0cf924f3,vichen1,2025-10-30,16:19:48,-07:00,2025-10-30T16:19:48-07:00,1,13
style.css,206,css,0cf924f3,vichen1,2025-10-30,16:19:48,-07:00,2025-10-30T16:19:48-07:00,1,36
style.css,207,css,0cf924f3,vichen1,2025-10-30,16:19:48,-07:00,2025-10-30T16:19:48-07:00,1,19
style.css,208,css,0cf924f3,vichen1,2025-10-30,16:19:48,-07:00,2025-10-30T16:19:48-07:00,1,15
style.css,209,css,0cf924f3,vichen1,2025-10-30,16:19:48,-07:00,2025-10-30T16:19:48-07:00,0,0
style.css,210,css,0cf924f3,vichen1,2025-10-30,16:19:48,-07:00,2025-10-30T16:19:48-07:00,0,0
style.css,211,css,0cf924f3,vichen1,2025-10-30,16:19:48,-07:00,2025-10-30T16:19:48-07:00,0,12
style.css,212,css,0cf924f3,vichen1,2025-10-30,16:19:48,-07:00,2025-10-30T16:19:48-07:00,1,12
style.css,213,css,0cf924f3,vichen1,2025-10-30,16:19:48,-07:00,2025-10-30T16:19:48-07:00,1,18
style.css,214,css,0cf924f3,vichen1,2025-10-30,16:19:48,-07:00,2025-10-30T16:19:48-07:00,1,9
style.css,215,css,0cf924f3,vichen1,2025-10-30,16:19:48,-07:00,2025-10-30T16:19:48-07:00,1,16
style.css,216,css,0cf924f3,vichen1,2025-10-30,16:19:48,-07:00,2025-10-30T16:19:48-07:00,0,0
style.css,217,css,0cf924f3,vichen1,2025-10-30,16:19:48,-07:00,2025-10-30T16:19:48-07:00,0,0
style.css,218,css,0cf924f3,vichen1,2025-10-30,16:19:48,-07:00,2025-10-30T16:19:48-07:00,0,20
style.css,219,css,0cf924f3,vichen1,2025-10-30,16:19:48,-07:00,2025-10-30T16:19:48-07:00,1,9
style.css,220,css,0cf924f3,vichen1,2025-10-30,16:19:48,-07:00,2025-10-30T16:19:48-07:00,1,10
style.css,221,css,0cf924f3,vichen1,2025-10-30,16:19:48,-07:00,2025-10-30T16:19:48-07:00,1,19
style.css,222,css,0cf924f3,vichen1,2025-10-30,16:19:48,-07:00,2025-10-30T16:19:48-07:00,1,35
style.css,223,css,0cf924f3,vichen1,2025-10-30,16:19:48,-07:00,2025-10-30T16:19:48-07:00,1,18
style.css,224,css,0cf924f3,vichen1,2025-10-30,16:19:48,-07:00,2025-10-30T16:19:48-07:00,1,20
style.css,225,css,8201de1f,vichen1,2025-10-30,16:24:19,-07:00,2025-10-30T16:24:19-07:00,0,0
style.css,226,css,8201de1f,vichen1,2025-10-30,16:24:19,-07:00,2025-10-30T16:24:19-07:00,0,0
style.css,227,css,8201de1f,vichen1,2025-10-30,16:24:19,-07:00,2025-10-30T16:24:19-07:00,0,16
style.css,228,css,8201de1f,vichen1,2025-10-30,16:24:19,-07:00,2025-10-30T16:24:19-07:00,1,12
style.css,229,css,8201de1f,vichen1,2025-10-30,16:24:19,-07:00,2025-10-30T16:24:19-07:00,1,18
style.css,230,css,8201de1f,vichen1,2025-10-30,16:24:19,-07:00,2025-10-30T16:24:19-07:00,1,9
style.css,231,css,8201de1f,vichen1,2025-10-30,16:24:19,-07:00,2025-10-30T16:24:19-07:00,1,14
style.css,232,css,8201de1f,vichen1,2025-10-30,16:24:19,-07:00,2025-10-30T16:24:19-07:00,1,22
style.css,233,css,8201de1f,vichen1,2025-10-30,16:24:19,-07:00,2025-10-30T16:24:19-07:00,0,0
style.css,234,css,8201de1f,vichen1,2025-10-30,16:24:19,-07:00,2025-10-30T16:24:19-07:00,0,0
style.css,235,css,8201de1f,vichen1,2025-10-30,16:24:19,-07:00,2025-10-30T16:24:19-07:00,0,20
style.css,236,css,8201de1f,vichen1,2025-10-30,16:24:19,-07:00,2025-10-30T16:24:19-07:00,1,13
style.css,237,css,8201de1f,vichen1,2025-10-30,16:24:19,-07:00,2025-10-30T16:24:19-07:00,0,0
style.css,238,css,8201de1f,vichen1,2025-10-30,16:24:19,-07:00,2025-10-30T16:24:19-07:00,0,0
style.css,239,css,8201de1f,vichen1,2025-10-30,16:24:19,-07:00,2025-10-30T16:24:19-07:00,0,24
style.css,240,css,8201de1f,vichen1,2025-10-30,16:24:19,-07:00,2025-10-30T16:24:19-07:00,1,6
style.css,241,css,88847f1e,vichen1,2025-10-30,16:33:45,-07:00,2025-10-30T16:33:45-07:00,0,0
style.css,242,css,31e61b2b,vichen1,2025-10-30,17:26:22,-07:00,2025-10-30T17:26:22-07:00,0,0
style.css,243,css,31e61b2b,vichen1,2025-10-30,17:26:22,-07:00,2025-10-30T17:26:22-07:00,0,14
style.css,244,css,88847f1e,vichen1,2025-10-30,16:33:45,-07:00,2025-10-30T16:33:45-07:00,0,10
style.css,245,css,88847f1e,vichen1,2025-10-30,16:33:45,-07:00,2025-10-30T16:33:45-07:00,1,13
style.css,246,css,88847f1e,vichen1,2025-10-30,16:33:45,-07:00,2025-10-30T16:33:45-07:00,1,10
style.css,247,css,88847f1e,vichen1,2025-10-30,16:33:45,-07:00,2025-10-30T16:33:45-07:00,1,14
style.css,248,css,3302c6ed,vichen1,2025-10-30,16:38:55,-07:00,2025-10-30T16:38:55-07:00,1,15
style.css,249,css,3302c6ed,vichen1,2025-10-30,16:38:55,-07:00,2025-10-30T16:38:55-07:00,1,17
style.css,250,css,88847f1e,vichen1,2025-10-30,16:33:45,-07:00,2025-10-30T16:33:45-07:00,1,13
style.css,251,css,88847f1e,vichen1,2025-10-30,16:33:45,-07:00,2025-10-30T16:33:45-07:00,1,36
style.css,252,css,88847f1e,vichen1,2025-10-30,16:33:45,-07:00,2025-10-30T16:33:45-07:00,1,19
style.css,253,css,3302c6ed,vichen1,2025-10-30,16:38:55,-07:00,2025-10-30T16:38:55-07:00,1,17
style.css,254,css,88847f1e,vichen1,2025-10-30,16:33:45,-07:00,2025-10-30T16:33:45-07:00,1,16
style.css,255,css,3302c6ed,vichen1,2025-10-30,16:38:55,-07:00,2025-10-30T16:38:55-07:00,1,78
style.css,256,css,3302c6ed,vichen1,2025-10-30,16:38:55,-07:00,2025-10-30T16:38:55-07:00,0,0
style.css,257,css,3302c6ed,vichen1,2025-10-30,16:38:55,-07:00,2025-10-30T16:38:55-07:00,0,0
style.css,258,css,3302c6ed,vichen1,2025-10-30,16:38:55,-07:00,2025-10-30T16:38:55-07:00,0,23
style.css,259,css,3302c6ed,vichen1,2025-10-30,16:38:55,-07:00,2025-10-30T16:38:55-07:00,1,25
style.css,260,css,3302c6ed,vichen1,2025-10-30,16:38:55,-07:00,2025-10-30T16:38:55-07:00,0,0
style.css,261,css,3302c6ed,vichen1,2025-10-30,16:38:55,-07:00,2025-10-30T16:38:55-07:00,0,0
style.css,262,css,3302c6ed,vichen1,2025-10-30,16:38:55,-07:00,2025-10-30T16:38:55-07:00,0,34
style.css,263,css,3302c6ed,vichen1,2025-10-30,16:38:55,-07:00,2025-10-30T16:38:55-07:00,1,28
style.css,264,css,3302c6ed,vichen1,2025-10-30,16:38:55,-07:00,2025-10-30T16:38:55-07:00,1,23
style.css,265,css,3302c6ed,vichen1,2025-10-30,16:38:55,-07:00,2025-10-30T16:38:55-07:00,1,30
style.css,266,css,88847f1e,vichen1,2025-10-30,16:33:45,-07:00,2025-10-30T16:33:45-07:00,0,0
style.css,267,css,88847f1e,vichen1,2025-10-30,16:33:45,-07:00,2025-10-30T16:33:45-07:00,0,0
style.css,268,css,3302c6ed,vichen1,2025-10-30,16:38:55,-07:00,2025-10-30T16:38:55-07:00,0,47
style.css,269,css,3302c6ed,vichen1,2025-10-30,16:38:55,-07:00,2025-10-30T16:38:55-07:00,1,25
style.css,270,css,bbe98587,vichen1,2025-10-30,16:56:00,-07:00,2025-10-30T16:56:00-07:00,0,0
style.css,271,css,31e61b2b,vichen1,2025-10-30,17:26:22,-07:00,2025-10-30T17:26:22-07:00,0,0
style.css,272,css,bbe98587,vichen1,2025-10-30,16:56:00,-07:00,2025-10-30T16:56:00-07:00,0,47
style.css,273,css,bbe98587,vichen1,2025-10-30,16:56:00,-07:00,2025-10-30T16:56:00-07:00,1,11
style.css,274,css,bbe98587,vichen1,2025-10-30,16:56:00,-07:00,2025-10-30T16:56:00-07:00,0,0
style.css,275,css,bbe98587,vichen1,2025-10-30,16:56:00,-07:00,2025-10-30T16:56:00-07:00,0,0
style.css,276,css,6cf94e68,vichen1,2025-10-30,17:39:15,-07:00,2025-10-30T17:39:15-07:00,0,8
style.css,277,css,f3f1be21,vichen1,2025-10-30,17:19:04,-07:00,2025-10-30T17:19:04-07:00,1,14
style.css,278,css,f3f1be21,vichen1,2025-10-30,17:19:04,-07:00,2025-10-30T17:19:04-07:00,1,44
style.css,279,css,1e191632,vichen1,2025-10-30,17:15:57,-07:00,2025-10-30T17:15:57-07:00,0,0
style.css,280,css,1e191632,vichen1,2025-10-30,17:15:57,-07:00,2025-10-30T17:15:57-07:00,0,0
style.css,281,css,6cf94e68,vichen1,2025-10-30,17:39:15,-07:00,2025-10-30T17:39:15-07:00,0,9
style.css,282,css,6cf94e68,vichen1,2025-10-30,17:39:15,-07:00,2025-10-30T17:39:15-07:00,1,35
style.css,283,css,6cf94e68,vichen1,2025-10-30,17:39:15,-07:00,2025-10-30T17:39:15-07:00,0,0
style.css,284,css,6cf94e68,vichen1,2025-10-30,17:39:15,-07:00,2025-10-30T17:39:15-07:00,0,0
style.css,285,css,6cf94e68,vichen1,2025-10-30,17:39:15,-07:00,2025-10-30T17:39:15-07:00,0,18
style.css,286,css,6cf94e68,vichen1,2025-10-30,17:39:15,-07:00,2025-10-30T17:39:15-07:00,1,17
style.css,287,css,6cf94e68,vichen1,2025-10-30,17:39:15,-07:00,2025-10-30T17:39:15-07:00,1,12
style.css,288,css,6d0d4772,vichen1,2025-10-30,17:10:56,-07:00,2025-10-30T17:10:56-07:00,1,16
style.css,289,css,6955d042,vichen1,2025-10-30,17:22:19,-07:00,2025-10-30T17:22:19-07:00,1,20
style.css,290,css,f3f1be21,vichen1,2025-10-30,17:19:04,-07:00,2025-10-30T17:19:04-07:00,0,0
style.css,291,css,f3f1be21,vichen1,2025-10-30,17:19:04,-07:00,2025-10-30T17:19:04-07:00,0,0
style.css,292,css,6cf94e68,vichen1,2025-10-30,17:39:15,-07:00,2025-10-30T17:39:15-07:00,0,26
style.css,293,css,f3f1be21,vichen1,2025-10-30,17:19:04,-07:00,2025-10-30T17:19:04-07:00,1,40
style.css,294,css,1e191632,vichen1,2025-10-30,17:15:57,-07:00,2025-10-30T17:15:57-07:00,1,17
style.css,295,css,1e191632,vichen1,2025-10-30,17:15:57,-07:00,2025-10-30T17:15:57-07:00,1,15
style.css,296,css,6cf94e68,vichen1,2025-10-30,17:39:15,-07:00,2025-10-30T17:39:15-07:00,0,0
style.css,297,css,6cf94e68,vichen1,2025-10-30,17:39:15,-07:00,2025-10-30T17:39:15-07:00,0,0
style.css,298,css,6cf94e68,vichen1,2025-10-30,17:39:15,-07:00,2025-10-30T17:39:15-07:00,0,12
style.css,299,css,6cf94e68,vichen1,2025-10-30,17:39:15,-07:00,2025-10-30T17:39:15-07:00,1,14
style.css,300,css,f3f1be21,vichen1,2025-10-30,17:19:04,-07:00,2025-10-30T17:19:04-07:00,1,37
style.css,301,css,31e61b2b,vichen1,2025-10-30,17:26:22,-07:00,2025-10-30T17:26:22-07:00,0,0
index.js,1,js,151ef456,vichen1,2025-10-24,16:20:28,-07:00,2025-10-24T16:20:28-07:00,0,71
index.js,2,js,a24f838d,vichen1,2025-10-24,16:09:55,-07:00,2025-10-24T16:09:55-07:00,0,0
index.js,3,js,ffb17c8d,vichen1,2025-10-24,16:26:20,-07:00,2025-10-24T16:26:20-07:00,0,3
index.js,4,js,ffb17c8d,vichen1,2025-10-24,16:26:20,-07:00,2025-10-24T16:26:20-07:00,1,54
index.js,5,js,ffb17c8d,vichen1,2025-10-24,16:26:20,-07:00,2025-10-24T16:26:20-07:00,1,36
index.js,6,js,ffb17c8d,vichen1,2025-10-24,16:26:20,-07:00,2025-10-24T16:26:20-07:00,2,42
index.js,7,js,ffb17c8d,vichen1,2025-10-24,16:26:20,-07:00,2025-10-24T16:26:20-07:00,2,60
index.js,8,js,ffb17c8d,vichen1,2025-10-24,16:26:20,-07:00,2025-10-24T16:26:20-07:00,2,54
index.js,9,js,ffb17c8d,vichen1,2025-10-24,16:26:20,-07:00,2025-10-24T16:26:20-07:00,1,6
index.js,10,js,ffb17c8d,vichen1,2025-10-24,16:26:20,-07:00,2025-10-24T16:26:20-07:00,2,59
index.js,11,js,ffb17c8d,vichen1,2025-10-24,16:26:20,-07:00,2025-10-24T16:26:20-07:00,1,0
index.js,12,js,ffb17c8d,vichen1,2025-10-24,16:26:20,-07:00,2025-10-24T16:26:20-07:00,0,15
index.js,13,js,ffb17c8d,vichen1,2025-10-24,16:26:20,-07:00,2025-10-24T16:26:20-07:00,1,46
index.js,14,js,ffb17c8d,vichen1,2025-10-24,16:26:20,-07:00,2025-10-24T16:26:20-07:00,0,0
index.js,15,js,ffb17c8d,vichen1,2025-10-24,16:26:20,-07:00,2025-10-24T16:26:20-07:00,0,0
index.js,16,js,b7c40aad,vichen1,2025-10-24,17:06:31,-07:00,2025-10-24T17:06:31-07:00,0,20
index.js,17,js,b7c40aad,vichen1,2025-10-24,17:06:31,-07:00,2025-10-24T17:06:31-07:00,0,0
index.js,18,js,ffb17c8d,vichen1,2025-10-24,16:26:20,-07:00,2025-10-24T16:26:20-07:00,0,3
index.js,19,js,b7c40aad,vichen1,2025-10-24,17:06:31,-07:00,2025-10-24T17:06:31-07:00,1,44
index.js,20,js,ffb17c8d,vichen1,2025-10-24,16:26:20,-07:00,2025-10-24T16:26:20-07:00,1,15
index.js,21,js,ffb17c8d,vichen1,2025-10-24,16:26:20,-07:00,2025-10-24T16:26:20-07:00,2,67
index.js,22,js,ffb17c8d,vichen1,2025-10-24,16:26:20,-07:00,2025-10-24T16:26:20-07:00,2,59
index.js,23,js,133f9624,vichen1,2025-10-24,16:14:52,-07:00,2025-10-24T16:14:52-07:00,0,0
index.js,24,js,ffb17c8d,vichen1,2025-10-24,16:26:20,-07:00,2025-10-24T16:26:20-07:00,2,37
index.js,25,js,ffb17c8d,vichen1,2025-10-24,16:26:20,-07:00,2025-10-24T16:26:20-07:00,3,66
index.js,26,js,ffb17c8d,vichen1,2025-10-24,16:26:20,-07:00,2025-10-24T16:26:20-07:00,3,75
index.js,27,js,ffb17c8d,vichen1,2025-10-24,16:26:20,-07:00,2025-10-24T16:26:20-07:00,2,6
index.js,28,js,ffb17c8d,vichen1,2025-10-24,16:26:20,-07:00,2025-10-24T16:26:20-07:00,3,60
index.js,29,js,ffb17c8d,vichen1,2025-10-24,16:26:20,-07:00,2025-10-24T16:26:20-07:00,2,0
index.js,30,js,ffb17c8d,vichen1,2025-10-24,16:26:20,-07:00,2025-10-24T16:26:20-07:00,1,6
index.js,31,js,ffb17c8d,vichen1,2025-10-24,16:26:20,-07:00,2025-10-24T16:26:20-07:00,2,39
index.js,32,js,ffb17c8d,vichen1,2025-10-24,16:26:20,-07:00,2025-10-24T16:26:20-07:00,1,0
index.js,33,js,ffb17c8d,vichen1,2025-10-24,16:26:20,-07:00,2025-10-24T16:26:20-07:00,0,15
index.js,34,js,ffb17c8d,vichen1,2025-10-24,16:26:20,-07:00,2025-10-24T16:26:20-07:00,1,50
index.js,35,js,133f9624,vichen1,2025-10-24,16:14:52,-07:00,2025-10-24T16:14:52-07:00,0,0
index.js,36,js,b7c40aad,vichen1,2025-10-24,17:06:31,-07:00,2025-10-24T17:06:31-07:00,0,0
index.js,37,js,d9201bfa,vichen1,2025-10-24,16:57:15,-07:00,2025-10-24T16:57:15-07:00,0,60
index.js,38,js,d9201bfa,vichen1,2025-10-24,16:57:15,-07:00,2025-10-24T16:57:15-07:00,0,0
index.js,39,js,d9201bfa,vichen1,2025-10-24,16:57:15,-07:00,2025-10-24T16:57:15-07:00,0,31
index.js,40,js,d9201bfa,vichen1,2025-10-24,16:57:15,-07:00,2025-10-24T16:57:15-07:00,1,24
index.js,41,js,d9201bfa,vichen1,2025-10-24,16:57:15,-07:00,2025-10-24T16:57:15-07:00,2,23
index.js,42,js,d9201bfa,vichen1,2025-10-24,16:57:15,-07:00,2025-10-24T16:57:15-07:00,3,48
index.js,43,js,d9201bfa,vichen1,2025-10-24,16:57:15,-07:00,2025-10-24T16:57:15-07:00,3,48
index.js,44,js,d9201bfa,vichen1,2025-10-24,16:57:15,-07:00,2025-10-24T16:57:15-07:00,3,54
index.js,45,js,d9201bfa,vichen1,2025-10-24,16:57:15,-07:00,2025-10-24T16:57:15-07:00,3,54
index.js,46,js,d9201bfa,vichen1,2025-10-24,16:57:15,-07:00,2025-10-24T16:57:15-07:00,2,3
index.js,47,js,d9201bfa,vichen1,2025-10-24,16:57:15,-07:00,2025-10-24T16:57:15-07:00,1,0
index.js,48,js,b7c40aad,vichen1,2025-10-24,17:06:31,-07:00,2025-10-24T17:06:31-07:00,0,0
index.html,1,html,df3dbe08,vichen1,2025-10-03,13:30:49,-07:00,2025-10-03T13:30:49-07:00,0,13
index.html,2,html,df3dbe08,vichen1,2025-10-03,13:30:49,-07:00,2025-10-03T13:30:49-07:00,0,14
index.html,3,html,df3dbe08,vichen1,2025-10-03,13:30:49,-07:00,2025-10-03T13:30:49-07:00,0,4
index.html,4,html,bcca8260,vichen1,2025-10-18,19:13:44,-07:00,2025-10-18T19:13:44-07:00,1,20
index.html,5,html,bcca8260,vichen1,2025-10-18,19:13:44,-07:00,2025-10-18T19:13:44-07:00,1,68
index.html,6,html,bcca8260,vichen1,2025-10-18,19:13:44,-07:00,2025-10-18T19:13:44-07:00,1,53
index.html,7,html,bcca8260,vichen1,2025-10-18,19:13:44,-07:00,2025-10-18T19:13:44-07:00,1,38
index.html,8,html,df3dbe08,vichen1,2025-10-03,13:30:49,-07:00,2025-10-03T13:30:49-07:00,0,5
index.html,9,html,df3dbe08,vichen1,2025-10-03,13:30:49,-07:00,2025-10-03T13:30:49-07:00,0,4
index.html,10,html,bcca8260,vichen1,2025-10-18,19:13:44,-07:00,2025-10-18T19:13:44-07:00,1,18
index.html,11,html,77605e21,vichen1,2025-10-03,13:57:06,-07:00,2025-10-03T13:57:06-07:00,0,0
index.html,12,html,bcca8260,vichen1,2025-10-18,19:13:44,-07:00,2025-10-18T19:13:44-07:00,1,1
index.html,13,html,bcca8260,vichen1,2025-10-18,19:13:44,-07:00,2025-10-18T19:13:44-07:00,2,77
index.html,14,html,bcca8260,vichen1,2025-10-18,19:13:44,-07:00,2025-10-18T19:13:44-07:00,2,43
index.html,15,html,bcca8260,vichen1,2025-10-18,19:13:44,-07:00,2025-10-18T19:13:44-07:00,1,2
index.html,16,html,bcca8260,vichen1,2025-10-18,19:13:44,-07:00,2025-10-18T19:13:44-07:00,0,0
index.html,17,html,bcca8260,vichen1,2025-10-18,19:13:44,-07:00,2025-10-18T19:13:44-07:00,1,61
index.html,18,html,bcca8260,vichen1,2025-10-18,19:13:44,-07:00,2025-10-18T19:13:44-07:00,0,0
index.html,19,html,133f9624,vichen1,2025-10-24,16:14:52,-07:00,2025-10-24T16:14:52-07:00,1,22
index.html,20,html,133f9624,vichen1,2025-10-24,16:14:52,-07:00,2025-10-24T16:14:52-07:00,1,20
index.html,21,html,133f9624,vichen1,2025-10-24,16:14:52,-07:00,2025-10-24T16:14:52-07:00,2,49
index.html,22,html,133f9624,vichen1,2025-10-24,16:14:52,-07:00,2025-10-24T16:14:52-07:00,1,4
index.html,23,html,133f9624,vichen1,2025-10-24,16:14:52,-07:00,2025-10-24T16:14:52-07:00,1,22
index.html,24,html,133f9624,vichen1,2025-10-24,16:14:52,-07:00,2025-10-24T16:14:52-07:00,2,21
index.html,25,html,133f9624,vichen1,2025-10-24,16:14:52,-07:00,2025-10-24T16:14:52-07:00,2,27
index.html,26,html,133f9624,vichen1,2025-10-24,16:14:52,-07:00,2025-10-24T16:14:52-07:00,2,23
index.html,27,html,133f9624,vichen1,2025-10-24,16:14:52,-07:00,2025-10-24T16:14:52-07:00,1,8
index.html,28,html,b7c40aad,vichen1,2025-10-24,17:06:31,-07:00,2025-10-24T17:06:31-07:00,0,0
index.html,29,html,d9201bfa,vichen1,2025-10-24,16:57:15,-07:00,2025-10-24T16:57:15-07:00,1,22
index.html,30,html,d9201bfa,vichen1,2025-10-24,16:57:15,-07:00,2025-10-24T16:57:15-07:00,2,22
index.html,31,html,d9201bfa,vichen1,2025-10-24,16:57:15,-07:00,2025-10-24T16:57:15-07:00,2,28
index.html,32,html,d9201bfa,vichen1,2025-10-24,16:57:15,-07:00,2025-10-24T16:57:15-07:00,1,8
index.html,33,html,b7c40aad,vichen1,2025-10-24,17:06:31,-07:00,2025-10-24T17:06:31-07:00,1,0
index.html,34,html,a24f838d,vichen1,2025-10-24,16:09:55,-07:00,2025-10-24T16:09:55-07:00,1,47
index.html,35,html,133f9624,vichen1,2025-10-24,16:14:52,-07:00,2025-10-24T16:14:52-07:00,1,52
index.html,36,html,df3dbe08,vichen1,2025-10-03,13:30:49,-07:00,2025-10-03T13:30:49-07:00,0,5
index.html,37,html,bcca8260,vichen1,2025-10-18,19:13:44,-07:00,2025-10-18T19:13:44-07:00,0,5
global.js,1,js,eaa7cf2d,vichen1,2025-10-18,19:04:29,-07:00,2025-10-18T19:04:29-07:00,0,25
global.js,2,js,0235f663,vichen1,2025-10-18,18:46:24,-07:00,2025-10-18T18:46:24-07:00,0,0
global.js,3,js,0235f663,vichen1,2025-10-18,18:46:24,-07:00,2025-10-18T18:46:24-07:00,0,41
global.js,4,js,0235f663,vichen1,2025-10-18,18:46:24,-07:00,2025-10-18T18:46:24-07:00,1,52
global.js,5,js,89ed6c28,vichen1,2025-10-18,18:55:01,-07:00,2025-10-18T18:55:01-07:00,0,0
global.js,6,js,89ed6c28,vichen1,2025-10-18,18:55:01,-07:00,2025-10-18T18:55:01-07:00,0,0
global.js,7,js,eaa7cf2d,vichen1,2025-10-18,19:04:29,-07:00,2025-10-18T19:04:29-07:00,0,15
global.js,8,js,eaa7cf2d,vichen1,2025-10-18,19:04:29,-07:00,2025-10-18T19:04:29-07:00,1,68
global.js,9,js,eaa7cf2d,vichen1,2025-10-18,19:04:29,-07:00,2025-10-18T19:04:29-07:00,2,3
global.js,10,js,d949493e,vichen1,2025-10-18,19:19:24,-07:00,2025-10-18T19:19:24-07:00,2,14
global.js,11,js,d949493e,vichen1,2025-10-18,19:19:24,-07:00,2025-10-18T19:19:24-07:00,0,0
global.js,12,js,d949493e,vichen1,2025-10-18,19:19:24,-07:00,2025-10-18T19:19:24-07:00,0,11
global.js,13,js,d949493e,vichen1,2025-10-18,19:19:24,-07:00,2025-10-18T19:19:24-07:00,1,32
global.js,14,js,d949493e,vichen1,2025-10-18,19:19:24,-07:00,2025-10-18T19:19:24-07:00,1,50
global.js,15,js,d949493e,vichen1,2025-10-18,19:19:24,-07:00,2025-10-18T19:19:24-07:00,1,42
global.js,16,js,d949493e,vichen1,2025-10-18,19:19:24,-07:00,2025-10-18T19:19:24-07:00,1,48
global.js,17,js,c92e1393,vichen1,2025-11-06,13:19:12,-08:00,2025-11-06T13:19:12-08:00,1,42
global.js,18,js,d949493e,vichen1,2025-10-18,19:19:24,-07:00,2025-10-18T19:19:24-07:00,1,52
global.js,19,js,d949493e,vichen1,2025-10-18,19:19:24,-07:00,2025-10-18T19:19:24-07:00,0,0
global.js,20,js,89ed6c28,vichen1,2025-10-18,18:55:01,-07:00,2025-10-18T18:55:01-07:00,0,0
global.js,21,js,eaa7cf2d,vichen1,2025-10-18,19:04:29,-07:00,2025-10-18T19:04:29-07:00,0,38
global.js,22,js,eaa7cf2d,vichen1,2025-10-18,19:04:29,-07:00,2025-10-18T19:04:29-07:00,0,25
global.js,23,js,eaa7cf2d,vichen1,2025-10-18,19:04:29,-07:00,2025-10-18T19:04:29-07:00,0,0
global.js,24,js,eaa7cf2d,vichen1,2025-10-18,19:04:29,-07:00,2025-10-18T19:04:29-07:00,0,20
global.js,25,js,eaa7cf2d,vichen1,2025-10-18,19:04:29,-07:00,2025-10-18T19:04:29-07:00,1,34
global.js,26,js,d949493e,vichen1,2025-10-18,19:19:24,-07:00,2025-10-18T19:19:24-07:00,1,13
global.js,27,js,d949493e,vichen1,2025-10-18,19:19:24,-07:00,2025-10-18T19:19:24-07:00,1,22
global.js,28,js,eaa7cf2d,vichen1,2025-10-18,19:04:29,-07:00,2025-10-18T19:04:29-07:00,0,0
global.js,29,js,eaa7cf2d,vichen1,2025-10-18,19:04:29,-07:00,2025-10-18T19:04:29-07:00,1,17
global.js,30,js,eaa7cf2d,vichen1,2025-10-18,19:04:29,-07:00,2025-10-18T19:04:29-07:00,2,8
global.js,31,js,eaa7cf2d,vichen1,2025-10-18,19:04:29,-07:00,2025-10-18T19:04:29-07:00,2,58
global.js,32,js,eaa7cf2d,vichen1,2025-10-18,19:04:29,-07:00,2025-10-18T19:04:29-07:00,1,0
global.js,33,js,eaa7cf2d,vichen1,2025-10-18,19:04:29,-07:00,2025-10-18T19:04:29-07:00,0,0
global.js,34,js,eaa7cf2d,vichen1,2025-10-18,19:04:29,-07:00,2025-10-18T19:04:29-07:00,1,29
global.js,35,js,eaa7cf2d,vichen1,2025-10-18,19:04:29,-07:00,2025-10-18T19:04:29-07:00,2,18
global.js,36,js,eaa7cf2d,vichen1,2025-10-18,19:04:29,-07:00,2025-10-18T19:04:29-07:00,1,0
global.js,37,js,eaa7cf2d,vichen1,2025-10-18,19:04:29,-07:00,2025-10-18T19:04:29-07:00,0,0
global.js,38,js,eaa7cf2d,vichen1,2025-10-18,19:04:29,-07:00,2025-10-18T19:04:29-07:00,1,12
global.js,39,js,eaa7cf2d,vichen1,2025-10-18,19:04:29,-07:00,2025-10-18T19:04:29-07:00,0,0
global.js,40,js,6356b1f2,vichen1,2025-10-18,19:36:11,-07:00,2025-10-18T19:36:11-07:00,0,0
global.js,41,js,064de03b,vichen1,2025-10-18,19:31:34,-07:00,2025-10-18T19:31:34-07:00,0,21
global.js,42,js,6356b1f2,vichen1,2025-10-18,19:36:11,-07:00,2025-10-18T19:36:11-07:00,1,11
global.js,43,js,6356b1f2,vichen1,2025-10-18,19:36:11,-07:00,2025-10-18T19:36:11-07:00,1,0
global.js,44,js,6356b1f2,vichen1,2025-10-18,19:36:11,-07:00,2025-10-18T19:36:11-07:00,1,26
global.js,45,js,6356b1f2,vichen1,2025-10-18,19:36:11,-07:00,2025-10-18T19:36:11-07:00,2,4
global.js,46,js,6356b1f2,vichen1,2025-10-18,19:36:11,-07:00,2025-10-18T19:36:11-07:00,2,17
global.js,47,js,6356b1f2,vichen1,2025-10-18,19:36:11,-07:00,2025-10-18T19:36:11-07:00,3,43
global.js,48,js,6356b1f2,vichen1,2025-10-18,19:36:11,-07:00,2025-10-18T19:36:11-07:00,3,34
global.js,49,js,6356b1f2,vichen1,2025-10-18,19:36:11,-07:00,2025-10-18T19:36:11-07:00,3,32
global.js,50,js,6356b1f2,vichen1,2025-10-18,19:36:11,-07:00,2025-10-18T19:36:11-07:00,2,7
global.js,51,js,6356b1f2,vichen1,2025-10-18,19:36:11,-07:00,2025-10-18T19:36:11-07:00,1,6
global.js,52,js,6356b1f2,vichen1,2025-10-18,19:36:11,-07:00,2025-10-18T19:36:11-07:00,1,0
global.js,53,js,6356b1f2,vichen1,2025-10-18,19:36:11,-07:00,2025-10-18T19:36:11-07:00,0,0
global.js,54,js,5f1a47e5,vichen1,2025-10-18,19:32:59,-07:00,2025-10-18T19:32:59-07:00,0,0
global.js,55,js,5f1a47e5,vichen1,2025-10-18,19:32:59,-07:00,2025-10-18T19:32:59-07:00,0,46
global.js,56,js,5f1a47e5,vichen1,2025-10-18,19:32:59,-07:00,2025-10-18T19:32:59-07:00,0,0
global.js,57,js,6356b1f2,vichen1,2025-10-18,19:36:11,-07:00,2025-10-18T19:36:11-07:00,0,30
global.js,58,js,6356b1f2,vichen1,2025-10-18,19:36:11,-07:00,2025-10-18T19:36:11-07:00,1,64
global.js,59,js,07e3479e,vichen1,2025-10-24,17:00:43,-07:00,2025-10-24T17:00:43-07:00,1,57
global.js,60,js,6356b1f2,vichen1,2025-10-18,19:36:11,-07:00,2025-10-18T19:36:11-07:00,1,19
global.js,61,js,10afce9f,vichen1,2025-10-24,16:23:53,-07:00,2025-10-24T16:23:53-07:00,1,31
global.js,62,js,6356b1f2,vichen1,2025-10-18,19:36:11,-07:00,2025-10-18T19:36:11-07:00,0,0
global.js,63,js,5f1a47e5,vichen1,2025-10-18,19:32:59,-07:00,2025-10-18T19:32:59-07:00,0,0
global.js,64,js,6356b1f2,vichen1,2025-10-18,19:36:11,-07:00,2025-10-18T19:36:11-07:00,0,34
global.js,65,js,6356b1f2,vichen1,2025-10-18,19:36:11,-07:00,2025-10-18T19:36:11-07:00,1,39
global.js,66,js,6356b1f2,vichen1,2025-10-18,19:36:11,-07:00,2025-10-18T19:36:11-07:00,0,6
global.js,67,js,10afce9f,vichen1,2025-10-24,16:23:53,-07:00,2025-10-24T16:23:53-07:00,1,27
global.js,68,js,6356b1f2,vichen1,2025-10-18,19:36:11,-07:00,2025-10-18T19:36:11-07:00,0,0
global.js,69,js,6356b1f2,vichen1,2025-10-18,19:36:11,-07:00,2025-10-18T19:36:11-07:00,0,0
global.js,70,js,6356b1f2,vichen1,2025-10-18,19:36:11,-07:00,2025-10-18T19:36:11-07:00,0,43
global.js,71,js,6356b1f2,vichen1,2025-10-18,19:36:11,-07:00,2025-10-18T19:36:11-07:00,1,58
global.js,72,js,6356b1f2,vichen1,2025-10-18,19:36:11,-07:00,2025-10-18T19:36:11-07:00,1,33
global.js,73,js,6356b1f2,vichen1,2025-10-18,19:36:11,-07:00,2025-10-18T19:36:11-07:00,0,1
global.js,74,js,3e4533fb,vichen1,2025-10-24,16:00:04,-07:00,2025-10-24T16:00:04-07:00,0,0
global.js,75,js,07e3479e,vichen1,2025-10-24,17:00:43,-07:00,2025-10-24T17:00:43-07:00,0,0
global.js,76,js,3e4533fb,vichen1,2025-10-24,16:00:04,-07:00,2025-10-24T16:00:04-07:00,0,36
global.js,77,js,3e4533fb,vichen1,2025-10-24,16:00:04,-07:00,2025-10-24T16:00:04-07:00,1,3
global.js,78,js,3e4533fb,vichen1,2025-10-24,16:00:04,-07:00,2025-10-24T16:00:04-07:00,2,32
global.js,79,js,3e4533fb,vichen1,2025-10-24,16:00:04,-07:00,2025-10-24T16:00:04-07:00,2,17
global.js,80,js,151ef456,vichen1,2025-10-24,16:20:28,-07:00,2025-10-24T16:20:28-07:00,3,62
global.js,81,js,3e4533fb,vichen1,2025-10-24,16:00:04,-07:00,2025-10-24T16:00:04-07:00,2,0
global.js,82,js,3e4533fb,vichen1,2025-10-24,16:00:04,-07:00,2025-10-24T16:00:04-07:00,2,33
global.js,83,js,3e4533fb,vichen1,2025-10-24,16:00:04,-07:00,2025-10-24T16:00:04-07:00,2,10
global.js,84,js,3e4533fb,vichen1,2025-10-24,16:00:04,-07:00,2025-10-24T16:00:04-07:00,1,15
global.js,85,js,3e4533fb,vichen1,2025-10-24,16:00:04,-07:00,2025-10-24T16:00:04-07:00,2,59
global.js,86,js,3e4533fb,vichen1,2025-10-24,16:00:04,-07:00,2025-10-24T16:00:04-07:00,1,0
global.js,87,js,3e4533fb,vichen1,2025-10-24,16:00:04,-07:00,2025-10-24T16:00:04-07:00,0,0
global.js,88,js,151ef456,vichen1,2025-10-24,16:20:28,-07:00,2025-10-24T16:20:28-07:00,0,0
global.js,89,js,cb620cac,vichen1,2025-10-24,16:03:30,-07:00,2025-10-24T16:03:30-07:00,0,79
global.js,90,js,151ef456,vichen1,2025-10-24,16:20:28,-07:00,2025-10-24T16:20:28-07:00,1,28
global.js,91,js,151ef456,vichen1,2025-10-24,16:20:28,-07:00,2025-10-24T16:20:28-07:00,1,30
global.js,92,js,cb620cac,vichen1,2025-10-24,16:03:30,-07:00,2025-10-24T16:03:30-07:00,1,54
global.js,93,js,151ef456,vichen1,2025-10-24,16:20:28,-07:00,2025-10-24T16:20:28-07:00,2,59
global.js,94,js,151ef456,vichen1,2025-10-24,16:20:28,-07:00,2025-10-24T16:20:28-07:00,2,5
global.js,95,js,cb620cac,vichen1,2025-10-24,16:03:30,-07:00,2025-10-24T16:03:30-07:00,1,0
global.js,96,js,151ef456,vichen1,2025-10-24,16:20:28,-07:00,2025-10-24T16:20:28-07:00,1,54
global.js,97,js,cb620cac,vichen1,2025-10-24,16:03:30,-07:00,2025-10-24T16:03:30-07:00,0,0
global.js,98,js,cb620cac,vichen1,2025-10-24,16:03:30,-07:00,2025-10-24T16:03:30-07:00,1,27
global.js,99,js,151ef456,vichen1,2025-10-24,16:20:28,-07:00,2025-10-24T16:20:28-07:00,2,48
global.js,100,js,d862df9d,vichen1,2025-10-28,16:24:14,-07:00,2025-10-28T16:24:14-07:00,4,49
global.js,101,js,d862df9d,vichen1,2025-10-28,16:24:14,-07:00,2025-10-28T16:24:14-07:00,2,17
global.js,102,js,d862df9d,vichen1,2025-10-28,16:24:14,-07:00,2025-10-28T16:24:14-07:00,3,39
global.js,103,js,d862df9d,vichen1,2025-10-28,16:24:14,-07:00,2025-10-28T16:24:14-07:00,3,23
global.js,104,js,d862df9d,vichen1,2025-10-28,16:24:14,-07:00,2025-10-28T16:24:14-07:00,3,21
global.js,105,js,d862df9d,vichen1,2025-10-28,16:24:14,-07:00,2025-10-28T16:24:14-07:00,3,31
global.js,106,js,d862df9d,vichen1,2025-10-28,16:24:14,-07:00,2025-10-28T16:24:14-07:00,3,22
global.js,107,js,d862df9d,vichen1,2025-10-28,16:24:14,-07:00,2025-10-28T16:24:14-07:00,2,6
global.js,108,js,d862df9d,vichen1,2025-10-28,16:24:14,-07:00,2025-10-28T16:24:14-07:00,3,32
global.js,109,js,d862df9d,vichen1,2025-10-28,16:24:14,-07:00,2025-10-28T16:24:14-07:00,2,0
global.js,110,js,d862df9d,vichen1,2025-10-28,16:24:14,-07:00,2025-10-28T16:24:14-07:00,2,40
global.js,111,js,d862df9d,vichen1,2025-10-28,16:24:14,-07:00,2025-10-28T16:24:14-07:00,2,22
global.js,112,js,d862df9d,vichen1,2025-10-28,16:24:14,-07:00,2025-10-28T16:24:14-07:00,2,22
global.js,113,js,d862df9d,vichen1,2025-10-28,16:24:14,-07:00,2025-10-28T16:24:14-07:00,2,39
global.js,114,js,d862df9d,vichen1,2025-10-28,16:24:14,-07:00,2025-10-28T16:24:14-07:00,2,37
global.js,115,js,d862df9d,vichen1,2025-10-28,16:24:14,-07:00,2025-10-28T16:24:14-07:00,2,31
global.js,116,js,151ef456,vichen1,2025-10-24,16:20:28,-07:00,2025-10-24T16:20:28-07:00,2,36
global.js,117,js,151ef456,vichen1,2025-10-24,16:20:28,-07:00,2025-10-24T16:20:28-07:00,1,1
global.js,118,js,cb620cac,vichen1,2025-10-24,16:03:30,-07:00,2025-10-24T16:03:30-07:00,0,0
global.js,119,js,133f9624,vichen1,2025-10-24,16:14:52,-07:00,2025-10-24T16:14:52-07:00,0,0
global.js,120,js,d862df9d,vichen1,2025-10-28,16:24:14,-07:00,2025-10-28T16:24:14-07:00,0,0
global.js,121,js,151ef456,vichen1,2025-10-24,16:20:28,-07:00,2025-10-24T16:20:28-07:00,0,47
global.js,122,js,151ef456,vichen1,2025-10-24,16:20:28,-07:00,2025-10-24T16:20:28-07:00,1,59
global.js,123,js,151ef456,vichen1,2025-10-24,16:20:28,-07:00,2025-10-24T16:20:28-07:00,0,0
resume/index.html,1,html,52323993,vichen1,2025-10-03,15:27:05,-07:00,2025-10-03T15:27:05-07:00,0,13
resume/index.html,2,html,52323993,vichen1,2025-10-03,15:27:05,-07:00,2025-10-03T15:27:05-07:00,0,14
resume/index.html,3,html,52323993,vichen1,2025-10-03,15:27:05,-07:00,2025-10-03T15:27:05-07:00,0,4
resume/index.html,4,html,52323993,vichen1,2025-10-03,15:27:05,-07:00,2025-10-03T15:27:05-07:00,1,20
resume/index.html,5,html,52323993,vichen1,2025-10-03,15:27:05,-07:00,2025-10-03T15:27:05-07:00,1,33
resume/index.html,6,html,52323993,vichen1,2025-10-03,15:27:05,-07:00,2025-10-03T15:27:05-07:00,1,66
resume/index.html,7,html,52323993,vichen1,2025-10-03,15:27:05,-07:00,2025-10-03T15:27:05-07:00,1,41
resume/index.html,8,html,52323993,vichen1,2025-10-03,15:27:05,-07:00,2025-10-03T15:27:05-07:00,1,5
resume/index.html,9,html,2d3d75ec,vichen1,2025-10-30,17:52:18,-07:00,2025-10-30T17:52:18-07:00,2,4
resume/index.html,10,html,2d3d75ec,vichen1,2025-10-30,17:52:18,-07:00,2025-10-30T17:52:18-07:00,3,16
resume/index.html,11,html,2d3d75ec,vichen1,2025-10-30,17:52:18,-07:00,2025-10-30T17:52:18-07:00,3,15
resume/index.html,12,html,2d3d75ec,vichen1,2025-10-30,17:52:18,-07:00,2025-10-30T17:52:18-07:00,3,14
resume/index.html,13,html,2d3d75ec,vichen1,2025-10-30,17:52:18,-07:00,2025-10-30T17:52:18-07:00,3,33
resume/index.html,14,html,2d3d75ec,vichen1,2025-10-30,17:52:18,-07:00,2025-10-30T17:52:18-07:00,3,15
resume/index.html,15,html,2d3d75ec,vichen1,2025-10-30,17:52:18,-07:00,2025-10-30T17:52:18-07:00,2,0
resume/index.html,16,html,52323993,vichen1,2025-10-03,15:27:05,-07:00,2025-10-03T15:27:05-07:00,2,36
resume/index.html,17,html,52323993,vichen1,2025-10-03,15:27:05,-07:00,2025-10-03T15:27:05-07:00,2,52
resume/index.html,18,html,ee4595f5,vichen1,2025-10-28,16:28:05,-07:00,2025-10-28T16:28:05-07:00,2,35
resume/index.html,19,html,ee4595f5,vichen1,2025-10-28,16:28:05,-07:00,2025-10-28T16:28:05-07:00,2,27
resume/index.html,20,html,52323993,vichen1,2025-10-03,15:27:05,-07:00,2025-10-03T15:27:05-07:00,2,32
resume/index.html,21,html,52323993,vichen1,2025-10-03,15:27:05,-07:00,2025-10-03T15:27:05-07:00,2,39
resume/index.html,22,html,52323993,vichen1,2025-10-03,15:27:05,-07:00,2025-10-03T15:27:05-07:00,2,31
resume/index.html,23,html,52323993,vichen1,2025-10-03,15:27:05,-07:00,2025-10-03T15:27:05-07:00,1,6
resume/index.html,24,html,52323993,vichen1,2025-10-03,15:27:05,-07:00,2025-10-03T15:27:05-07:00,0,5
resume/index.html,25,html,52323993,vichen1,2025-10-03,15:27:05,-07:00,2025-10-03T15:27:05-07:00,0,4
resume/index.html,26,html,ee4595f5,vichen1,2025-10-28,16:28:05,-07:00,2025-10-28T16:28:05-07:00,1,42
resume/index.html,27,html,52323993,vichen1,2025-10-03,15:27:05,-07:00,2025-10-03T15:27:05-07:00,0,0
resume/index.html,28,html,52323993,vichen1,2025-10-03,15:27:05,-07:00,2025-10-03T15:27:05-07:00,1,17
resume/index.html,29,html,52323993,vichen1,2025-10-03,15:27:05,-07:00,2025-10-03T15:27:05-07:00,2,6
resume/index.html,30,html,52323993,vichen1,2025-10-03,15:27:05,-07:00,2025-10-03T15:27:05-07:00,3,18
resume/index.html,31,html,52323993,vichen1,2025-10-03,15:27:05,-07:00,2025-10-03T15:27:05-07:00,3,17
resume/index.html,32,html,52323993,vichen1,2025-10-03,15:27:05,-07:00,2025-10-03T15:27:05-07:00,4,52
resume/index.html,33,html,52323993,vichen1,2025-10-03,15:27:05,-07:00,2025-10-03T15:27:05-07:00,4,45
resume/index.html,34,html,52323993,vichen1,2025-10-03,15:27:05,-07:00,2025-10-03T15:27:05-07:00,4,23
resume/index.html,35,html,52323993,vichen1,2025-10-03,15:27:05,-07:00,2025-10-03T15:27:05-07:00,4,88
resume/index.html,36,html,52323993,vichen1,2025-10-03,15:27:05,-07:00,2025-10-03T15:27:05-07:00,3,2
resume/index.html,37,html,52323993,vichen1,2025-10-03,15:27:05,-07:00,2025-10-03T15:27:05-07:00,2,7
resume/index.html,38,html,52323993,vichen1,2025-10-03,15:27:05,-07:00,2025-10-03T15:27:05-07:00,0,0
resume/index.html,39,html,52323993,vichen1,2025-10-03,15:27:05,-07:00,2025-10-03T15:27:05-07:00,2,35
resume/index.html,40,html,52323993,vichen1,2025-10-03,15:27:05,-07:00,2025-10-03T15:27:05-07:00,3,31
resume/index.html,41,html,52323993,vichen1,2025-10-03,15:27:05,-07:00,2025-10-03T15:27:05-07:00,3,7
resume/index.html,42,html,52323993,vichen1,2025-10-03,15:27:05,-07:00,2025-10-03T15:27:05-07:00,4,6
resume/index.html,43,html,52323993,vichen1,2025-10-03,15:27:05,-07:00,2025-10-03T15:27:05-07:00,5,69
resume/index.html,44,html,52323993,vichen1,2025-10-03,15:27:05,-07:00,2025-10-03T15:27:05-07:00,5,68
resume/index.html,45,html,52323993,vichen1,2025-10-03,15:27:05,-07:00,2025-10-03T15:27:05-07:00,4,7
resume/index.html,46,html,ee4595f5,vichen1,2025-10-28,16:28:05,-07:00,2025-10-28T16:28:05-07:00,4,214
resume/index.html,47,html,52323993,vichen1,2025-10-03,15:27:05,-07:00,2025-10-03T15:27:05-07:00,3,8
resume/index.html,48,html,52323993,vichen1,2025-10-03,15:27:05,-07:00,2025-10-03T15:27:05-07:00,2,8
resume/index.html,49,html,52323993,vichen1,2025-10-03,15:27:05,-07:00,2025-10-03T15:27:05-07:00,0,0
resume/index.html,50,html,52323993,vichen1,2025-10-03,15:27:05,-07:00,2025-10-03T15:27:05-07:00,2,32
resume/index.html,51,html,52323993,vichen1,2025-10-03,15:27:05,-07:00,2025-10-03T15:27:05-07:00,3,35
resume/index.html,52,html,52323993,vichen1,2025-10-03,15:27:05,-07:00,2025-10-03T15:27:05-07:00,0,0
resume/index.html,53,html,52323993,vichen1,2025-10-03,15:27:05,-07:00,2025-10-03T15:27:05-07:00,3,7
resume/index.html,54,html,52323993,vichen1,2025-10-03,15:27:05,-07:00,2025-10-03T15:27:05-07:00,4,33
resume/index.html,55,html,ee4595f5,vichen1,2025-10-28,16:28:05,-07:00,2025-10-28T16:28:05-07:00,4,52
resume/index.html,56,html,52323993,vichen1,2025-10-03,15:27:05,-07:00,2025-10-03T15:27:05-07:00,3,8
resume/index.html,57,html,52323993,vichen1,2025-10-03,15:27:05,-07:00,2025-10-03T15:27:05-07:00,0,0
resume/index.html,58,html,52323993,vichen1,2025-10-03,15:27:05,-07:00,2025-10-03T15:27:05-07:00,3,7
resume/index.html,59,html,ee4595f5,vichen1,2025-10-28,16:28:05,-07:00,2025-10-28T16:28:05-07:00,4,46
resume/index.html,60,html,ee4595f5,vichen1,2025-10-28,16:28:05,-07:00,2025-10-28T16:28:05-07:00,4,70
resume/index.html,61,html,52323993,vichen1,2025-10-03,15:27:05,-07:00,2025-10-03T15:27:05-07:00,3,8
resume/index.html,62,html,52323993,vichen1,2025-10-03,15:27:05,-07:00,2025-10-03T15:27:05-07:00,0,0
resume/index.html,63,html,52323993,vichen1,2025-10-03,15:27:05,-07:00,2025-10-03T15:27:05-07:00,3,7
resume/index.html,64,html,ee4595f5,vichen1,2025-10-28,16:28:05,-07:00,2025-10-28T16:28:05-07:00,4,57
resume/index.html,65,html,ee4595f5,vichen1,2025-10-28,16:28:05,-07:00,2025-10-28T16:28:05-07:00,4,226
resume/index.html,66,html,ee4595f5,vichen1,2025-10-28,16:28:05,-07:00,2025-10-28T16:28:05-07:00,3,8
resume/index.html,67,html,ee4595f5,vichen1,2025-10-28,16:28:05,-07:00,2025-10-28T16:28:05-07:00,0,0
resume/index.html,68,html,ee4595f5,vichen1,2025-10-28,16:28:05,-07:00,2025-10-28T16:28:05-07:00,3,7
resume/index.html,69,html,ee4595f5,vichen1,2025-10-28,16:28:05,-07:00,2025-10-28T16:28:05-07:00,4,56
resume/index.html,70,html,ee4595f5,vichen1,2025-10-28,16:28:05,-07:00,2025-10-28T16:28:05-07:00,4,130
resume/index.html,71,html,ee4595f5,vichen1,2025-10-28,16:28:05,-07:00,2025-10-28T16:28:05-07:00,3,8
resume/index.html,72,html,ee4595f5,vichen1,2025-10-28,16:28:05,-07:00,2025-10-28T16:28:05-07:00,0,0
resume/index.html,73,html,ee4595f5,vichen1,2025-10-28,16:28:05,-07:00,2025-10-28T16:28:05-07:00,3,7
resume/index.html,74,html,ee4595f5,vichen1,2025-10-28,16:28:05,-07:00,2025-10-28T16:28:05-07:00,4,41
resume/index.html,75,html,ee4595f5,vichen1,2025-10-28,16:28:05,-07:00,2025-10-28T16:28:05-07:00,4,92
resume/index.html,76,html,ee4595f5,vichen1,2025-10-28,16:28:05,-07:00,2025-10-28T16:28:05-07:00,3,8
resume/index.html,77,html,ee4595f5,vichen1,2025-10-28,16:28:05,-07:00,2025-10-28T16:28:05-07:00,2,8
resume/index.html,78,html,ee4595f5,vichen1,2025-10-28,16:28:05,-07:00,2025-10-28T16:28:05-07:00,0,0
resume/index.html,79,html,ee4595f5,vichen1,2025-10-28,16:28:05,-07:00,2025-10-28T16:28:05-07:00,2,36
resume/index.html,80,html,ee4595f5,vichen1,2025-10-28,16:28:05,-07:00,2025-10-28T16:28:05-07:00,3,33
resume/index.html,81,html,ee4595f5,vichen1,2025-10-28,16:28:05,-07:00,2025-10-28T16:28:05-07:00,0,0
resume/index.html,82,html,ee4595f5,vichen1,2025-10-28,16:28:05,-07:00,2025-10-28T16:28:05-07:00,3,7
resume/index.html,83,html,ee4595f5,vichen1,2025-10-28,16:28:05,-07:00,2025-10-28T16:28:05-07:00,4,6
resume/index.html,84,html,2d3d75ec,vichen1,2025-10-30,17:52:18,-07:00,2025-10-30T17:52:18-07:00,5,89
resume/index.html,85,html,ee4595f5,vichen1,2025-10-28,16:28:05,-07:00,2025-10-28T16:28:05-07:00,5,75
resume/index.html,86,html,ee4595f5,vichen1,2025-10-28,16:28:05,-07:00,2025-10-28T16:28:05-07:00,4,7
resume/index.html,87,html,ee4595f5,vichen1,2025-10-28,16:28:05,-07:00,2025-10-28T16:28:05-07:00,4,2
resume/index.html,88,html,ee4595f5,vichen1,2025-10-28,16:28:05,-07:00,2025-10-28T16:28:05-07:00,5,155
resume/index.html,89,html,ee4595f5,vichen1,2025-10-28,16:28:05,-07:00,2025-10-28T16:28:05-07:00,5,136
resume/index.html,90,html,ee4595f5,vichen1,2025-10-28,16:28:05,-07:00,2025-10-28T16:28:05-07:00,5,128
resume/index.html,91,html,ee4595f5,vichen1,2025-10-28,16:28:05,-07:00,2025-10-28T16:28:05-07:00,5,125
resume/index.html,92,html,ee4595f5,vichen1,2025-10-28,16:28:05,-07:00,2025-10-28T16:28:05-07:00,4,3
resume/index.html,93,html,52323993,vichen1,2025-10-03,15:27:05,-07:00,2025-10-03T15:27:05-07:00,3,8
resume/index.html,94,html,52323993,vichen1,2025-10-03,15:27:05,-07:00,2025-10-03T15:27:05-07:00,2,8
resume/index.html,95,html,52323993,vichen1,2025-10-03,15:27:05,-07:00,2025-10-03T15:27:05-07:00,0,0
resume/index.html,96,html,52323993,vichen1,2025-10-03,15:27:05,-07:00,2025-10-03T15:27:05-07:00,2,34
resume/index.html,97,html,52323993,vichen1,2025-10-03,15:27:05,-07:00,2025-10-03T15:27:05-07:00,3,29
resume/index.html,98,html,52323993,vichen1,2025-10-03,15:27:05,-07:00,2025-10-03T15:27:05-07:00,0,0
resume/index.html,99,html,52323993,vichen1,2025-10-03,15:27:05,-07:00,2025-10-03T15:27:05-07:00,3,7
resume/index.html,100,html,52323993,vichen1,2025-10-03,15:27:05,-07:00,2025-10-03T15:27:05-07:00,4,6
resume/index.html,101,html,ee4595f5,vichen1,2025-10-28,16:28:05,-07:00,2025-10-28T16:28:05-07:00,5,41
resume/index.html,102,html,ee4595f5,vichen1,2025-10-28,16:28:05,-07:00,2025-10-28T16:28:05-07:00,5,102
resume/index.html,103,html,52323993,vichen1,2025-10-03,15:27:05,-07:00,2025-10-03T15:27:05-07:00,4,7
resume/index.html,104,html,52323993,vichen1,2025-10-03,15:27:05,-07:00,2025-10-03T15:27:05-07:00,4,2
resume/index.html,105,html,ee4595f5,vichen1,2025-10-28,16:28:05,-07:00,2025-10-28T16:28:05-07:00,5,131
resume/index.html,106,html,ee4595f5,vichen1,2025-10-28,16:28:05,-07:00,2025-10-28T16:28:05-07:00,5,115
resume/index.html,107,html,ee4595f5,vichen1,2025-10-28,16:28:05,-07:00,2025-10-28T16:28:05-07:00,5,119
resume/index.html,108,html,52323993,vichen1,2025-10-03,15:27:05,-07:00,2025-10-03T15:27:05-07:00,4,3
resume/index.html,109,html,52323993,vichen1,2025-10-03,15:27:05,-07:00,2025-10-03T15:27:05-07:00,3,8
resume/index.html,110,html,52323993,vichen1,2025-10-03,15:27:05,-07:00,2025-10-03T15:27:05-07:00,0,0
resume/index.html,111,html,52323993,vichen1,2025-10-03,15:27:05,-07:00,2025-10-03T15:27:05-07:00,3,7
resume/index.html,112,html,52323993,vichen1,2025-10-03,15:27:05,-07:00,2025-10-03T15:27:05-07:00,4,6
resume/index.html,113,html,ee4595f5,vichen1,2025-10-28,16:28:05,-07:00,2025-10-28T16:28:05-07:00,5,44
resume/index.html,114,html,ee4595f5,vichen1,2025-10-28,16:28:05,-07:00,2025-10-28T16:28:05-07:00,5,14
resume/index.html,115,html,ee4595f5,vichen1,2025-10-28,16:28:05,-07:00,2025-10-28T16:28:05-07:00,6,107
resume/index.html,116,html,ee4595f5,vichen1,2025-10-28,16:28:05,-07:00,2025-10-28T16:28:05-07:00,6,97
resume/index.html,117,html,ee4595f5,vichen1,2025-10-28,16:28:05,-07:00,2025-10-28T16:28:05-07:00,5,2
resume/index.html,118,html,52323993,vichen1,2025-10-03,15:27:05,-07:00,2025-10-03T15:27:05-07:00,4,7
resume/index.html,119,html,52323993,vichen1,2025-10-03,15:27:05,-07:00,2025-10-03T15:27:05-07:00,4,2
resume/index.html,120,html,ee4595f5,vichen1,2025-10-28,16:28:05,-07:00,2025-10-28T16:28:05-07:00,5,128
resume/index.html,121,html,ee4595f5,vichen1,2025-10-28,16:28:05,-07:00,2025-10-28T16:28:05-07:00,5,140
resume/index.html,122,html,ee4595f5,vichen1,2025-10-28,16:28:05,-07:00,2025-10-28T16:28:05-07:00,5,123
resume/index.html,123,html,ee4595f5,vichen1,2025-10-28,16:28:05,-07:00,2025-10-28T16:28:05-07:00,5,118
resume/index.html,124,html,52323993,vichen1,2025-10-03,15:27:05,-07:00,2025-10-03T15:27:05-07:00,4,3
resume/index.html,125,html,52323993,vichen1,2025-10-03,15:27:05,-07:00,2025-10-03T15:27:05-07:00,3,8
resume/index.html,126,html,52323993,vichen1,2025-10-03,15:27:05,-07:00,2025-10-03T15:27:05-07:00,0,0
resume/index.html,127,html,52323993,vichen1,2025-10-03,15:27:05,-07:00,2025-10-03T15:27:05-07:00,3,7
resume/index.html,128,html,52323993,vichen1,2025-10-03,15:27:05,-07:00,2025-10-03T15:27:05-07:00,4,6
resume/index.html,129,html,52323993,vichen1,2025-10-03,15:27:05,-07:00,2025-10-03T15:27:05-07:00,5,53
resume/index.html,130,html,52323993,vichen1,2025-10-03,15:27:05,-07:00,2025-10-03T15:27:05-07:00,5,87
resume/index.html,131,html,52323993,vichen1,2025-10-03,15:27:05,-07:00,2025-10-03T15:27:05-07:00,4,7
resume/index.html,132,html,52323993,vichen1,2025-10-03,15:27:05,-07:00,2025-10-03T15:27:05-07:00,4,2
resume/index.html,133,html,52323993,vichen1,2025-10-03,15:27:05,-07:00,2025-10-03T15:27:05-07:00,5,132
resume/index.html,134,html,52323993,vichen1,2025-10-03,15:27:05,-07:00,2025-10-03T15:27:05-07:00,5,114
resume/index.html,135,html,ee4595f5,vichen1,2025-10-28,16:28:05,-07:00,2025-10-28T16:28:05-07:00,5,131
resume/index.html,136,html,52323993,vichen1,2025-10-03,15:27:05,-07:00,2025-10-03T15:27:05-07:00,4,3
resume/index.html,137,html,52323993,vichen1,2025-10-03,15:27:05,-07:00,2025-10-03T15:27:05-07:00,3,8
resume/index.html,138,html,52323993,vichen1,2025-10-03,15:27:05,-07:00,2025-10-03T15:27:05-07:00,2,8
resume/index.html,139,html,52323993,vichen1,2025-10-03,15:27:05,-07:00,2025-10-03T15:27:05-07:00,1,5
resume/index.html,140,html,ee4595f5,vichen1,2025-10-28,16:28:05,-07:00,2025-10-28T16:28:05-07:00,0,0
resume/index.html,141,html,df7e108e,vichen1,2025-10-18,19:15:48,-07:00,2025-10-18T19:15:48-07:00,1,56
resume/index.html,142,html,52323993,vichen1,2025-10-03,15:27:05,-07:00,2025-10-03T15:27:05-07:00,0,5
resume/index.html,143,html,2d3d75ec,vichen1,2025-10-30,17:52:18,-07:00,2025-10-30T17:52:18-07:00,0,5
projects/projects.js,1,js,cb620cac,vichen1,2025-10-24,16:03:30,-07:00,2025-10-24T16:03:30-07:00,0,55
projects/projects.js,2,js,4466465a,vichen1,2025-10-30,15:58:08,-07:00,2025-10-30T15:58:08-07:00,0,63
projects/projects.js,3,js,cb620cac,vichen1,2025-10-24,16:03:30,-07:00,2025-10-24T16:03:30-07:00,0,0
projects/projects.js,4,js,cb620cac,vichen1,2025-10-24,16:03:30,-07:00,2025-10-24T16:03:30-07:00,0,55
projects/projects.js,5,js,cb620cac,vichen1,2025-10-24,16:03:30,-07:00,2025-10-24T16:03:30-07:00,0,60
projects/projects.js,6,js,dc099260,vichen1,2025-10-24,16:05:21,-07:00,2025-10-24T16:05:21-07:00,0,61
projects/projects.js,7,js,88847f1e,vichen1,2025-10-30,16:33:45,-07:00,2025-10-30T16:33:45-07:00,0,55
projects/projects.js,8,js,88847f1e,vichen1,2025-10-30,16:33:45,-07:00,2025-10-30T16:33:45-07:00,0,0
projects/projects.js,9,js,6cf94e68,vichen1,2025-10-30,17:39:15,-07:00,2025-10-30T17:39:15-07:00,0,21
projects/projects.js,10,js,6cf94e68,vichen1,2025-10-30,17:39:15,-07:00,2025-10-30T17:39:15-07:00,0,13
projects/projects.js,11,js,6cf94e68,vichen1,2025-10-30,17:39:15,-07:00,2025-10-30T17:39:15-07:00,0,17
projects/projects.js,12,js,3077b863,vichen1,2025-10-30,17:33:02,-07:00,2025-10-30T17:33:02-07:00,0,0
projects/projects.js,13,js,3077b863,vichen1,2025-10-30,17:33:02,-07:00,2025-10-30T17:33:02-07:00,0,49
projects/projects.js,14,js,3077b863,vichen1,2025-10-30,17:33:02,-07:00,2025-10-30T17:33:02-07:00,1,31
projects/projects.js,15,js,3077b863,vichen1,2025-10-30,17:33:02,-07:00,2025-10-30T17:33:02-07:00,1,44
projects/projects.js,16,js,3077b863,vichen1,2025-10-30,17:33:02,-07:00,2025-10-30T17:33:02-07:00,1,59
projects/projects.js,17,js,3077b863,vichen1,2025-10-30,17:33:02,-07:00,2025-10-30T17:33:02-07:00,0,0
projects/projects.js,18,js,88847f1e,vichen1,2025-10-30,16:33:45,-07:00,2025-10-30T16:33:45-07:00,0,0
projects/projects.js,19,js,b6d2b418,vichen1,2025-10-30,16:43:37,-07:00,2025-10-30T16:43:37-07:00,0,38
projects/projects.js,20,js,b6d2b418,vichen1,2025-10-30,16:43:37,-07:00,2025-10-30T16:43:37-07:00,1,38
projects/projects.js,21,js,b6d2b418,vichen1,2025-10-30,16:43:37,-07:00,2025-10-30T16:43:37-07:00,1,34
projects/projects.js,22,js,b6d2b418,vichen1,2025-10-30,16:43:37,-07:00,2025-10-30T16:43:37-07:00,1,26
projects/projects.js,23,js,b6d2b418,vichen1,2025-10-30,16:43:37,-07:00,2025-10-30T16:43:37-07:00,1,29
projects/projects.js,24,js,31e61b2b,vichen1,2025-10-30,17:26:22,-07:00,2025-10-30T17:26:22-07:00,0,0
projects/projects.js,25,js,b6d2b418,vichen1,2025-10-30,16:43:37,-07:00,2025-10-30T16:43:37-07:00,1,71
projects/projects.js,26,js,b090e6ca,vichen1,2025-10-30,17:35:25,-07:00,2025-10-30T17:35:25-07:00,1,85
projects/projects.js,27,js,b090e6ca,vichen1,2025-10-30,17:35:25,-07:00,2025-10-30T17:35:25-07:00,1,33
projects/projects.js,28,js,88847f1e,vichen1,2025-10-30,16:33:45,-07:00,2025-10-30T16:33:45-07:00,0,0
projects/projects.js,29,js,88847f1e,vichen1,2025-10-30,16:33:45,-07:00,2025-10-30T16:33:45-07:00,1,59
projects/projects.js,30,js,88847f1e,vichen1,2025-10-30,16:33:45,-07:00,2025-10-30T16:33:45-07:00,1,50
projects/projects.js,31,js,b090e6ca,vichen1,2025-10-30,17:35:25,-07:00,2025-10-30T17:35:25-07:00,1,40
projects/projects.js,32,js,88847f1e,vichen1,2025-10-30,16:33:45,-07:00,2025-10-30T16:33:45-07:00,1,49
projects/projects.js,33,js,31e61b2b,vichen1,2025-10-30,17:26:22,-07:00,2025-10-30T17:26:22-07:00,0,0
projects/projects.js,34,js,b6d2b418,vichen1,2025-10-30,16:43:37,-07:00,2025-10-30T16:43:37-07:00,1,19
projects/projects.js,35,js,b6d2b418,vichen1,2025-10-30,16:43:37,-07:00,2025-10-30T16:43:37-07:00,2,12
projects/projects.js,36,js,b6d2b418,vichen1,2025-10-30,16:43:37,-07:00,2025-10-30T16:43:37-07:00,2,6
projects/projects.js,37,js,b6d2b418,vichen1,2025-10-30,16:43:37,-07:00,2025-10-30T16:43:37-07:00,2,13
projects/projects.js,38,js,b6d2b418,vichen1,2025-10-30,16:43:37,-07:00,2025-10-30T16:43:37-07:00,2,22
projects/projects.js,39,js,6cf94e68,vichen1,2025-10-30,17:39:15,-07:00,2025-10-30T17:39:15-07:00,2,32
projects/projects.js,40,js,6cf94e68,vichen1,2025-10-30,17:39:15,-07:00,2025-10-30T17:39:15-07:00,2,63
projects/projects.js,41,js,6cf94e68,vichen1,2025-10-30,17:39:15,-07:00,2025-10-30T17:39:15-07:00,2,25
projects/projects.js,42,js,6cf94e68,vichen1,2025-10-30,17:39:15,-07:00,2025-10-30T17:39:15-07:00,2,32
projects/projects.js,43,js,6cf94e68,vichen1,2025-10-30,17:39:15,-07:00,2025-10-30T17:39:15-07:00,3,38
projects/projects.js,44,js,6cf94e68,vichen1,2025-10-30,17:39:15,-07:00,2025-10-30T17:39:15-07:00,3,65
projects/projects.js,45,js,b090e6ca,vichen1,2025-10-30,17:35:25,-07:00,2025-10-30T17:35:25-07:00,3,44
projects/projects.js,46,js,596e064f,vichen1,2025-10-30,17:04:49,-07:00,2025-10-30T17:04:49-07:00,2,1
projects/projects.js,47,js,b6d2b418,vichen1,2025-10-30,16:43:37,-07:00,2025-10-30T16:43:37-07:00,0,0
projects/projects.js,48,js,b6d2b418,vichen1,2025-10-30,16:43:37,-07:00,2025-10-30T16:43:37-07:00,1,20
projects/projects.js,49,js,b090e6ca,vichen1,2025-10-30,17:35:25,-07:00,2025-10-30T17:35:25-07:00,2,14
projects/projects.js,50,js,b6d2b418,vichen1,2025-10-30,16:43:37,-07:00,2025-10-30T16:43:37-07:00,2,6
projects/projects.js,51,js,b6d2b418,vichen1,2025-10-30,16:43:37,-07:00,2025-10-30T16:43:37-07:00,2,11
projects/projects.js,52,js,6cf94e68,vichen1,2025-10-30,17:39:15,-07:00,2025-10-30T17:39:15-07:00,2,46
projects/projects.js,53,js,6cf94e68,vichen1,2025-10-30,17:39:15,-07:00,2025-10-30T17:39:15-07:00,2,63
projects/projects.js,54,js,596e064f,vichen1,2025-10-30,17:04:49,-07:00,2025-10-30T17:04:49-07:00,2,72
projects/projects.js,55,js,6cf94e68,vichen1,2025-10-30,17:39:15,-07:00,2025-10-30T17:39:15-07:00,2,25
projects/projects.js,56,js,6cf94e68,vichen1,2025-10-30,17:39:15,-07:00,2025-10-30T17:39:15-07:00,2,32
projects/projects.js,57,js,6cf94e68,vichen1,2025-10-30,17:39:15,-07:00,2025-10-30T17:39:15-07:00,3,40
projects/projects.js,58,js,6cf94e68,vichen1,2025-10-30,17:39:15,-07:00,2025-10-30T17:39:15-07:00,3,65
projects/projects.js,59,js,b090e6ca,vichen1,2025-10-30,17:35:25,-07:00,2025-10-30T17:35:25-07:00,3,44
projects/projects.js,60,js,31e61b2b,vichen1,2025-10-30,17:26:22,-07:00,2025-10-30T17:26:22-07:00,2,1
projects/projects.js,61,js,31e61b2b,vichen1,2025-10-30,17:26:22,-07:00,2025-10-30T17:26:22-07:00,0,0
projects/projects.js,62,js,b090e6ca,vichen1,2025-10-30,17:35:25,-07:00,2025-10-30T17:35:25-07:00,0,0
projects/projects.js,63,js,b090e6ca,vichen1,2025-10-30,17:35:25,-07:00,2025-10-30T17:35:25-07:00,0,54
projects/projects.js,64,js,31e61b2b,vichen1,2025-10-30,17:26:22,-07:00,2025-10-30T17:26:22-07:00,1,38
projects/projects.js,65,js,31e61b2b,vichen1,2025-10-30,17:26:22,-07:00,2025-10-30T17:26:22-07:00,1,34
projects/projects.js,66,js,8d324002,vichen1,2025-10-30,17:14:20,-07:00,2025-10-30T17:14:20-07:00,0,0
projects/projects.js,67,js,31e61b2b,vichen1,2025-10-30,17:26:22,-07:00,2025-10-30T17:26:22-07:00,1,19
projects/projects.js,68,js,6cf94e68,vichen1,2025-10-30,17:39:15,-07:00,2025-10-30T17:39:15-07:00,2,68
projects/projects.js,69,js,31e61b2b,vichen1,2025-10-30,17:26:22,-07:00,2025-10-30T17:26:22-07:00,1,20
projects/projects.js,70,js,6cf94e68,vichen1,2025-10-30,17:39:15,-07:00,2025-10-30T17:39:15-07:00,2,68
projects/projects.js,71,js,31e61b2b,vichen1,2025-10-30,17:26:22,-07:00,2025-10-30T17:26:22-07:00,0,0
projects/projects.js,72,js,8efed2fd,vichen1,2025-10-30,17:42:32,-07:00,2025-10-30T17:42:32-07:00,2,25
projects/projects.js,73,js,3077b863,vichen1,2025-10-30,17:33:02,-07:00,2025-10-30T17:33:02-07:00,2,36
projects/projects.js,74,js,6cf94e68,vichen1,2025-10-30,17:39:15,-07:00,2025-10-30T17:39:15-07:00,1,6
projects/projects.js,75,js,6cf94e68,vichen1,2025-10-30,17:39:15,-07:00,2025-10-30T17:39:15-07:00,2,50
projects/projects.js,76,js,3077b863,vichen1,2025-10-30,17:33:02,-07:00,2025-10-30T17:33:02-07:00,2,74
projects/projects.js,77,js,3077b863,vichen1,2025-10-30,17:33:02,-07:00,2025-10-30T17:33:02-07:00,2,53
projects/projects.js,78,js,31e61b2b,vichen1,2025-10-30,17:26:22,-07:00,2025-10-30T17:26:22-07:00,1,0
projects/projects.js,79,js,ddb6b9ab,vichen1,2025-10-30,16:36:18,-07:00,2025-10-30T16:36:18-07:00,0,0
projects/projects.js,80,js,ddb6b9ab,vichen1,2025-10-30,16:36:18,-07:00,2025-10-30T16:36:18-07:00,0,0
projects/projects.js,81,js,b090e6ca,vichen1,2025-10-30,17:35:25,-07:00,2025-10-30T17:35:25-07:00,0,40
projects/projects.js,82,js,b090e6ca,vichen1,2025-10-30,17:35:25,-07:00,2025-10-30T17:35:25-07:00,1,39
projects/projects.js,83,js,b090e6ca,vichen1,2025-10-30,17:35:25,-07:00,2025-10-30T17:35:25-07:00,1,31
projects/projects.js,84,js,ddb6b9ab,vichen1,2025-10-30,16:36:18,-07:00,2025-10-30T16:36:18-07:00,0,0
projects/projects.js,85,js,ddb6b9ab,vichen1,2025-10-30,16:36:18,-07:00,2025-10-30T16:36:18-07:00,0,0
projects/projects.js,86,js,ddb6b9ab,vichen1,2025-10-30,16:36:18,-07:00,2025-10-30T16:36:18-07:00,0,22
projects/projects.js,87,js,ddb6b9ab,vichen1,2025-10-30,16:36:18,-07:00,2025-10-30T16:36:18-07:00,0,0
projects/projects.js,88,js,ddb6b9ab,vichen1,2025-10-30,16:36:18,-07:00,2025-10-30T16:36:18-07:00,0,46
projects/projects.js,89,js,31e61b2b,vichen1,2025-10-30,17:26:22,-07:00,2025-10-30T17:26:22-07:00,1,39
projects/projects.js,90,js,8efed2fd,vichen1,2025-10-30,17:42:32,-07:00,2025-10-30T17:42:32-07:00,1,49
projects/projects.js,91,js,ddb6b9ab,vichen1,2025-10-30,16:36:18,-07:00,2025-10-30T16:36:18-07:00,2,61
projects/projects.js,92,js,ddb6b9ab,vichen1,2025-10-30,16:36:18,-07:00,2025-10-30T16:36:18-07:00,2,28
projects/projects.js,93,js,ddb6b9ab,vichen1,2025-10-30,16:36:18,-07:00,2025-10-30T16:36:18-07:00,1,1
projects/projects.js,94,js,ddb6b9ab,vichen1,2025-10-30,16:36:18,-07:00,2025-10-30T16:36:18-07:00,0,0
projects/projects.js,95,js,8efed2fd,vichen1,2025-10-30,17:42:32,-07:00,2025-10-30T17:42:32-07:00,1,53
projects/projects.js,96,js,8efed2fd,vichen1,2025-10-30,17:42:32,-07:00,2025-10-30T17:42:32-07:00,2,50
projects/projects.js,97,js,8efed2fd,vichen1,2025-10-30,17:42:32,-07:00,2025-10-30T17:42:32-07:00,2,79
projects/projects.js,98,js,8efed2fd,vichen1,2025-10-30,17:42:32,-07:00,2025-10-30T17:42:32-07:00,1,0
projects/projects.js,99,js,8efed2fd,vichen1,2025-10-30,17:42:32,-07:00,2025-10-30T17:42:32-07:00,0,0
projects/projects.js,100,js,8efed2fd,vichen1,2025-10-30,17:42:32,-07:00,2025-10-30T17:42:32-07:00,1,30
projects/projects.js,101,js,6cf94e68,vichen1,2025-10-30,17:39:15,-07:00,2025-10-30T17:39:15-07:00,0,1
projects/index.html,1,html,d485910d,vichen1,2025-10-10,17:02:11,-07:00,2025-10-10T17:02:11-07:00,0,13
projects/index.html,2,html,d485910d,vichen1,2025-10-10,17:02:11,-07:00,2025-10-10T17:02:11-07:00,0,14
projects/index.html,3,html,d485910d,vichen1,2025-10-10,17:02:11,-07:00,2025-10-10T17:02:11-07:00,0,4
projects/index.html,4,html,d485910d,vichen1,2025-10-10,17:02:11,-07:00,2025-10-10T17:02:11-07:00,1,22
projects/index.html,5,html,d485910d,vichen1,2025-10-10,17:02:11,-07:00,2025-10-10T17:02:11-07:00,1,70
projects/index.html,6,html,d485910d,vichen1,2025-10-10,17:02:11,-07:00,2025-10-10T17:02:11-07:00,1,21
projects/index.html,7,html,d485910d,vichen1,2025-10-10,17:02:11,-07:00,2025-10-10T17:02:11-07:00,1,43
projects/index.html,8,html,d485910d,vichen1,2025-10-10,17:02:11,-07:00,2025-10-10T17:02:11-07:00,0,5
projects/index.html,9,html,d485910d,vichen1,2025-10-10,17:02:11,-07:00,2025-10-10T17:02:11-07:00,0,4
projects/index.html,10,html,dc099260,vichen1,2025-10-24,16:05:21,-07:00,2025-10-24T16:05:21-07:00,1,30
projects/index.html,11,html,09e9efe6,vichen1,2025-10-18,19:10:28,-07:00,2025-10-18T19:10:28-07:00,0,0
projects/index.html,12,html,ddb6b9ab,vichen1,2025-10-30,16:36:18,-07:00,2025-10-30T16:36:18-07:00,1,27
projects/index.html,13,html,ddb6b9ab,vichen1,2025-10-30,16:36:18,-07:00,2025-10-30T16:36:18-07:00,2,54
projects/index.html,14,html,ddb6b9ab,vichen1,2025-10-30,16:36:18,-07:00,2025-10-30T16:36:18-07:00,2,22
projects/index.html,15,html,ddb6b9ab,vichen1,2025-10-30,16:36:18,-07:00,2025-10-30T16:36:18-07:00,1,4
projects/index.html,16,html,ddb6b9ab,vichen1,2025-10-30,16:36:18,-07:00,2025-10-30T16:36:18-07:00,0,0
projects/index.html,17,html,ddb6b9ab,vichen1,2025-10-30,16:36:18,-07:00,2025-10-30T16:36:18-07:00,1,4
projects/index.html,18,html,ddb6b9ab,vichen1,2025-10-30,16:36:18,-07:00,2025-10-30T16:36:18-07:00,2,15
projects/index.html,19,html,ddb6b9ab,vichen1,2025-10-30,16:36:18,-07:00,2025-10-30T16:36:18-07:00,2,11
projects/index.html,20,html,ddb6b9ab,vichen1,2025-10-30,16:36:18,-07:00,2025-10-30T16:36:18-07:00,2,26
projects/index.html,21,html,ddb6b9ab,vichen1,2025-10-30,16:36:18,-07:00,2025-10-30T16:36:18-07:00,2,33
projects/index.html,22,html,ddb6b9ab,vichen1,2025-10-30,16:36:18,-07:00,2025-10-30T16:36:18-07:00,1,0
projects/index.html,23,html,0cf924f3,vichen1,2025-10-30,16:19:48,-07:00,2025-10-30T16:19:48-07:00,0,0
projects/index.html,24,html,dc099260,vichen1,2025-10-24,16:05:21,-07:00,2025-10-24T16:05:21-07:00,1,26
projects/index.html,25,html,09e9efe6,vichen1,2025-10-18,19:10:28,-07:00,2025-10-18T19:10:28-07:00,0,0
projects/index.html,26,html,dc099260,vichen1,2025-10-24,16:05:21,-07:00,2025-10-24T16:05:21-07:00,1,48
projects/index.html,27,html,dc099260,vichen1,2025-10-24,16:05:21,-07:00,2025-10-24T16:05:21-07:00,1,47
projects/index.html,28,html,09e9efe6,vichen1,2025-10-18,19:10:28,-07:00,2025-10-18T19:10:28-07:00,0,5
projects/index.html,29,html,ddb6b9ab,vichen1,2025-10-30,16:36:18,-07:00,2025-10-30T16:36:18-07:00,0,5
meta/index.html,1,html,51e76e0e,vichen1,2025-11-06,13:15:07,-08:00,2025-11-06T13:15:07-08:00,0,13
meta/index.html,2,html,51e76e0e,vichen1,2025-11-06,13:15:07,-08:00,2025-11-06T13:15:07-08:00,0,14
meta/index.html,3,html,51e76e0e,vichen1,2025-11-06,13:15:07,-08:00,2025-11-06T13:15:07-08:00,0,4
meta/index.html,4,html,51e76e0e,vichen1,2025-11-06,13:15:07,-08:00,2025-11-06T13:15:07-08:00,1,20
meta/index.html,5,html,51e76e0e,vichen1,2025-11-06,13:15:07,-08:00,2025-11-06T13:15:07-08:00,1,68
meta/index.html,6,html,51e76e0e,vichen1,2025-11-06,13:15:07,-08:00,2025-11-06T13:15:07-08:00,1,17
meta/index.html,7,html,51e76e0e,vichen1,2025-11-06,13:15:07,-08:00,2025-11-06T13:15:07-08:00,1,41
meta/index.html,8,html,51e76e0e,vichen1,2025-11-06,13:15:07,-08:00,2025-11-06T13:15:07-08:00,0,5
meta/index.html,9,html,51e76e0e,vichen1,2025-11-06,13:15:07,-08:00,2025-11-06T13:15:07-08:00,0,4
meta/index.html,10,html,51e76e0e,vichen1,2025-11-06,13:15:07,-08:00,2025-11-06T13:15:07-08:00,1,6
meta/index.html,11,html,51e76e0e,vichen1,2025-11-06,13:15:07,-08:00,2025-11-06T13:15:07-08:00,2,3
meta/index.html,12,html,51e76e0e,vichen1,2025-11-06,13:15:07,-08:00,2025-11-06T13:15:07-08:00,3,30
meta/index.html,13,html,51e76e0e,vichen1,2025-11-06,13:15:07,-08:00,2025-11-06T13:15:07-08:00,3,43
meta/index.html,14,html,51e76e0e,vichen1,2025-11-06,13:15:07,-08:00,2025-11-06T13:15:07-08:00,3,31
meta/index.html,15,html,51e76e0e,vichen1,2025-11-06,13:15:07,-08:00,2025-11-06T13:15:07-08:00,3,41
meta/index.html,16,html,51e76e0e,vichen1,2025-11-06,13:15:07,-08:00,2025-11-06T13:15:07-08:00,3,45
meta/index.html,17,html,51e76e0e,vichen1,2025-11-06,13:15:07,-08:00,2025-11-06T13:15:07-08:00,3,38
meta/index.html,18,html,51e76e0e,vichen1,2025-11-06,13:15:07,-08:00,2025-11-06T13:15:07-08:00,2,4
meta/index.html,19,html,51e76e0e,vichen1,2025-11-06,13:15:07,-08:00,2025-11-06T13:15:07-08:00,1,7
meta/index.html,20,html,51e76e0e,vichen1,2025-11-06,13:15:07,-08:00,2025-11-06T13:15:07-08:00,0,0
meta/index.html,21,html,51e76e0e,vichen1,2025-11-06,13:15:07,-08:00,2025-11-06T13:15:07-08:00,1,4
meta/index.html,22,html,51e76e0e,vichen1,2025-11-06,13:15:07,-08:00,2025-11-06T13:15:07-08:00,2,11
meta/index.html,23,html,51e76e0e,vichen1,2025-11-06,13:15:07,-08:00,2025-11-06T13:15:07-08:00,2,61
meta/index.html,24,html,51e76e0e,vichen1,2025-11-06,13:15:07,-08:00,2025-11-06T13:15:07-08:00,1,5
meta/index.html,25,html,51e76e0e,vichen1,2025-11-06,13:15:07,-08:00,2025-11-06T13:15:07-08:00,0,5
meta/index.html,26,html,51e76e0e,vichen1,2025-11-06,13:15:07,-08:00,2025-11-06T13:15:07-08:00,0,5
contact/index.html,1,html,e6515218,vichen1,2025-10-03,14:50:42,-07:00,2025-10-03T14:50:42-07:00,0,13
contact/index.html,2,html,0cb3869d,vichen1,2025-10-10,16:47:53,-07:00,2025-10-10T16:47:53-07:00,0,14
contact/index.html,3,html,e6515218,vichen1,2025-10-03,14:50:42,-07:00,2025-10-03T14:50:42-07:00,0,4
contact/index.html,4,html,0cb3869d,vichen1,2025-10-10,16:47:53,-07:00,2025-10-10T16:47:53-07:00,1,20
contact/index.html,5,html,0cb3869d,vichen1,2025-10-10,16:47:53,-07:00,2025-10-10T16:47:53-07:00,1,68
contact/index.html,6,html,e6515218,vichen1,2025-10-03,14:50:42,-07:00,2025-10-03T14:50:42-07:00,1,23
contact/index.html,7,html,0cb3869d,vichen1,2025-10-10,16:47:53,-07:00,2025-10-10T16:47:53-07:00,1,41
contact/index.html,8,html,e6515218,vichen1,2025-10-03,14:50:42,-07:00,2025-10-03T14:50:42-07:00,0,5
contact/index.html,9,html,e6515218,vichen1,2025-10-03,14:50:42,-07:00,2025-10-03T14:50:42-07:00,0,4
contact/index.html,10,html,aeb834c3,vichen1,2025-10-18,19:09:03,-07:00,2025-10-18T19:09:03-07:00,1,56
contact/index.html,11,html,eaa7cf2d,vichen1,2025-10-18,19:04:29,-07:00,2025-10-18T19:04:29-07:00,1,2
contact/index.html,12,html,0cb3869d,vichen1,2025-10-10,16:47:53,-07:00,2025-10-10T16:47:53-07:00,1,3
contact/index.html,13,html,0cb3869d,vichen1,2025-10-10,16:47:53,-07:00,2025-10-10T16:47:53-07:00,2,30
contact/index.html,14,html,0cb3869d,vichen1,2025-10-10,16:47:53,-07:00,2025-10-10T16:47:53-07:00,2,43
contact/index.html,15,html,0cb3869d,vichen1,2025-10-10,16:47:53,-07:00,2025-10-10T16:47:53-07:00,2,35
contact/index.html,16,html,f6bf0280,vichen1,2025-10-18,18:57:31,-07:00,2025-10-18T18:57:31-07:00,2,30
contact/index.html,17,html,c8160857,vichen1,2025-10-10,17:11:49,-07:00,2025-10-10T17:11:49-07:00,2,45
contact/index.html,18,html,0cb3869d,vichen1,2025-10-10,16:47:53,-07:00,2025-10-10T16:47:53-07:00,1,4
contact/index.html,19,html,eaa7cf2d,vichen1,2025-10-18,19:04:29,-07:00,2025-10-18T19:04:29-07:00,0,1
contact/index.html,20,html,0cb3869d,vichen1,2025-10-10,16:47:53,-07:00,2025-10-10T16:47:53-07:00,1,14
contact/index.html,21,html,0cb3869d,vichen1,2025-10-10,16:47:53,-07:00,2025-10-10T16:47:53-07:00,0,0
contact/index.html,22,html,0cb3869d,vichen1,2025-10-10,16:47:53,-07:00,2025-10-10T16:47:53-07:00,1,71
contact/index.html,23,html,0cb3869d,vichen1,2025-10-10,16:47:53,-07:00,2025-10-10T16:47:53-07:00,2,31
contact/index.html,24,html,0cb3869d,vichen1,2025-10-10,16:47:53,-07:00,2025-10-10T16:47:53-07:00,2,51
contact/index.html,25,html,0cb3869d,vichen1,2025-10-10,16:47:53,-07:00,2025-10-10T16:47:53-07:00,0,0
contact/index.html,26,html,0cb3869d,vichen1,2025-10-10,16:47:53,-07:00,2025-10-10T16:47:53-07:00,2,35
contact/index.html,27,html,0cb3869d,vichen1,2025-10-10,16:47:53,-07:00,2025-10-10T16:47:53-07:00,2,42
contact/index.html,28,html,0cb3869d,vichen1,2025-10-10,16:47:53,-07:00,2025-10-10T16:47:53-07:00,0,0
contact/index.html,29,html,0cb3869d,vichen1,2025-10-10,16:47:53,-07:00,2025-10-10T16:47:53-07:00,2,32
contact/index.html,30,html,0cb3869d,vichen1,2025-10-10,16:47:53,-07:00,2025-10-10T16:47:53-07:00,2,59
contact/index.html,31,html,0cb3869d,vichen1,2025-10-10,16:47:53,-07:00,2025-10-10T16:47:53-07:00,0,0
contact/index.html,32,html,0cb3869d,vichen1,2025-10-10,16:47:53,-07:00,2025-10-10T16:47:53-07:00,2,33
contact/index.html,33,html,0cb3869d,vichen1,2025-10-10,16:47:53,-07:00,2025-10-10T16:47:53-07:00,1,5
contact/index.html,34,html,df7e108e,vichen1,2025-10-18,19:15:48,-07:00,2025-10-18T19:15:48-07:00,1,56
contact/index.html,35,html,6c6214cc,vichen1,2025-10-03,14:54:00,-07:00,2025-10-03T14:54:00-07:00,0,5
contact/index.html,36,html,0cb3869d,vichen1,2025-10-10,16:47:53,-07:00,2025-10-10T16:47:53-07:00,0,5
